date,code,open,high,low,close,volume,amount,adjustflag,turn,tradestatus,pctChg,peTTM,pbMRQ,psTTM,pcfNcfTTM,isST,ma5,ma10,ma20,ma5_0_signal,ma10_0_signal,ma20_0_signal,ma5_ma10_signal,ma5_ma20_signal,k,d,j,kd_cross_signal,macd,macdsignal,macdhist
2020-12-11,sh.601187,12.2500,12.29,11.71,11.88,59226433,704481430.5500,3,22.441700,1,-3.883500,17.415779,1.976168,6.122558,-41.480478,0,12.634000000000002,12.902000000000001,11.557499999999997,-1,-1,1,-1,1,30.991866775293804,42.59368021505293,7.788239895775561,-1,1.1572797038106053,1.3329501101148151,-0.17567040630420983
2020-12-14,sh.601187,11.8500,12.1,11.68,12.05,47547637,567323152.1000,3,18.016400,1,1.431000,17.664995,2.004446,6.210171,-42.074054,0,12.428000000000003,12.938000000000002,11.708999999999998,-1,-1,1,-1,1,16.19525432285754,30.136984708420382,-11.68820644826814,-1,1.0584237613242422,1.2780448403567006,-0.21962107903245842
2020-12-15,sh.601187,11.9400,11.95,11.38,11.68,53608955,620754952.1200,3,20.313100,1,-3.070500,17.122584,1.942899,6.019485,-40.782154,0,12.212000000000003,12.820000000000002,11.832499999999998,-1,-1,-1,-1,1,10.240993341398806,19.14270481318336,-7.562429602170305,-1,0.9393950455719722,1.2103148813997548,-0.2709198358277827
2020-12-16,sh.601187,11.6300,11.88,11.43,11.45,47359063,550544227.1300,3,17.945000,1,-1.969200,16.785410,1.904640,5.900951,-39.979081,0,11.884000000000004,12.55,11.898499999999997,-1,-1,-1,-1,-1,6.694739435432646,11.043662366562977,-2.0031064268280154,-1,0.8170859942495721,1.1316691039697182,-0.31458310972014614
2020-12-17,sh.601187,11.2000,12.6,11.07,12.6,106984469,1285173505.8200,3,40.537800,1,10.043700,18.471281,2.095936,6.493622,-43.994447,0,11.932000000000004,12.381,11.988999999999997,1,1,1,-1,-1,23.216567260810024,13.384100012547137,42.8815017573358,1,0.8036861848744774,1.06607252015067,-0.2623863352761926
2020-12-18,sh.601187,12.4900,12.78,12.3,12.47,84946005,1067257642.1100,3,32.187100,1,-1.031700,18.280704,2.074311,6.426625,-43.540536,0,12.050000000000002,12.342,12.102499999999997,1,1,1,-1,-1,38.865398167723754,22.925568287988785,70.7450579271937,1,0.7736585714338826,1.0075897304073125,-0.23393115897342986
2020-12-21,sh.601187,12.2200,12.53,11.99,12.47,68700319,842669591.3700,3,26.031400,1,0.000000,18.280704,2.074311,6.426625,-43.540536,0,12.134000000000004,12.281,12.198499999999997,1,1,1,-1,-1,55.943152454780396,39.3417059611047,89.14604544213178,1,0.7413160415709221,0.9543349926400344,-0.21301895106911228
2020-12-22,sh.601187,12.2100,12.54,11.68,11.72,65751311,797550866.6900,3,24.914000,1,-6.014400,17.181223,1.949553,6.040100,-40.921819,0,12.142000000000003,12.177,12.271499999999998,-1,-1,-1,-1,-1,48.69979537273533,47.83611533174647,50.427155454713045,1,0.6476993467601027,0.893007863464048,-0.24530851670394538
2020-12-23,sh.601187,11.6000,12.35,11.51,12.02,59771798,712681310.2100,3,22.648300,1,2.559700,17.621016,1.999456,6.194710,-41.969306,0,12.256000000000004,12.069999999999999,12.358499999999998,-1,-1,-1,1,-1,49.13045859409622,51.25780214053729,44.87577150121409,-1,0.5909033682415394,0.8325869644195463,-0.24168359617800683
2020-12-24,sh.601187,11.8100,13.0,11.81,12.4,87401170,1099585257.4200,3,33.117400,1,3.161400,18.178086,2.062667,6.390549,-43.296122,0,12.216000000000003,12.074,12.461999999999998,1,1,-1,1,-1,54.0132423297538,50.614498765528424,60.81072945820455,1,0.5699845432684008,0.7800664801893171,-0.21008193692091637
2020-12-25,sh.601187,12.3200,12.99,12.05,12.7,83700694,1057010549.8400,3,31.715300,1,2.419400,18.617879,2.112570,6.545159,-44.343609,0,12.262000000000004,12.156,12.528999999999996,1,1,1,1,-1,69.641143734408,57.594948219419315,93.7335347643854,1,0.571031224064166,0.7382594289642869,-0.1672282049001209
2020-12-28,sh.601187,12.5200,13.21,12.22,12.74,79529988,1011723549.2400,3,30.135000,1,0.315000,18.676518,2.119224,6.565774,-44.483274,0,12.316000000000004,12.225,12.581499999999997,1,1,1,1,-1,77.13508627507952,66.92982411308041,97.54561059907772,1,0.5685346779746467,0.7043144787663589,-0.13577980079171215
2020-12-29,sh.601187,12.5500,13.35,12.55,13.06,84881971,1096028710.5100,3,32.162900,1,2.511800,19.145630,2.172454,6.730691,-45.600593,0,12.584000000000005,12.363,12.591499999999996,1,1,1,1,-1,83.25801449372632,76.67808150107125,96.41788047903648,1,0.5856267324290165,0.6805769294988904,-0.09495019706987384
2020-12-30,sh.601187,12.8000,13.19,12.59,13.0,72375764,933457633.6600,3,27.424100,1,-0.459400,19.057671,2.162473,6.699769,-45.391096,0,12.780000000000005,12.517999999999999,12.533999999999995,1,1,1,1,1,82.09878193384048,80.83062756754875,84.63509066642396,1,0.5875578094809697,0.6619731054953062,-0.0744152960143365
2020-12-31,sh.601187,13.1500,14.0,13.05,13.2,93918093,1256256556.6600,3,35.586800,1,1.538500,19.350866,2.195742,6.802843,-46.089420,0,12.940000000000003,12.578,12.479499999999996,1,1,1,1,1,78.71014952257549,81.3556486500474,73.41915126763169,-1,0.5983293620489558,0.6492443568060361,-0.05091499475708028
2021-01-04,sh.601187,12.8800,12.96,12.4,12.69,79115003,1002283516.1000,3,29.977700,1,-3.863600,18.603219,2.110907,6.540006,-44.308693,0,12.938000000000002,12.6,12.470999999999995,-1,1,1,1,1,65.41310168209073,75.4073443795022,45.42461628726778,-1,0.5592662837241704,0.631248742189663,-0.07198245846549256
2021-01-05,sh.601187,12.6000,12.85,12.04,12.28,65886001,814656899.9800,3,24.965100,1,-3.230900,18.002169,2.042706,6.328705,-42.877127,0,12.846,12.581,12.430999999999994,-1,-1,-1,1,1,48.728246318607795,64.28383250775798,17.61707394030742,-1,0.4895813501794066,0.6029152637876117,-0.1133339136082051
2021-01-06,sh.601187,12.0100,12.6,12.0,12.41,50856500,630119670.7900,3,19.270200,1,1.058600,18.192746,2.064330,6.395703,-43.331038,0,12.716,12.65,12.413499999999996,-1,-1,-1,1,1,35.236837762006964,49.79272858756847,6.1250561108839605,-1,0.43977598799841466,0.5702874086297723,-0.13051142063135768
2021-01-07,sh.601187,12.3800,12.48,11.51,11.79,61497924,732621627.2600,3,23.302400,1,-4.996000,17.283842,1.961197,6.076175,-41.166232,0,12.474,12.627,12.348499999999994,-1,-1,-1,-1,1,23.188644990922626,35.717909690512435,-1.8698844082569934,-1,0.3462843112127558,0.525486789146369,-0.1792024779336132
2021-01-08,sh.601187,11.5800,11.86,11.48,11.53,30966163,359882554.3900,3,11.733500,1,-2.205300,16.902688,1.917948,5.942180,-40.258410,0,12.14,12.540000000000001,12.306999999999995,-1,-1,-1,-1,-1,13.542122392592793,23.989201715174104,-7.352036252569832,-1,0.24834884579706618,0.47005920047650845,-0.22171035467944228
2021-01-11,sh.601187,11.5200,11.84,11.11,11.22,37090371,427058855.0700,3,14.054000,1,-2.688600,16.448236,1.866381,5.782416,-39.176007,0,11.846,12.392,12.273999999999996,-1,-1,-1,-1,-1,5.678445092502749,14.136404158672699,-11.237473039837148,-1,0.14405924929420877,0.4048592102400485,-0.26079996094583974
2021-01-12,sh.601187,11.0700,11.9,10.78,11.7,58738812,660483813.5800,3,22.256900,1,4.278100,17.151904,1.946226,6.029792,-40.851986,0,11.73,12.288,12.256499999999994,-1,-1,-1,-1,-1,11.453927976419374,10.224831820504948,13.912120288248229,1,0.0989997734096999,0.3436873228739788,-0.2446875494642789
2021-01-13,sh.601187,11.4700,11.69,11.16,11.17,35663491,406233347.7500,3,13.513400,1,-4.529900,16.374937,1.858064,5.756648,-39.001426,0,11.482000000000003,12.099,12.230999999999993,-1,-1,-1,-1,-1,14.829819395789073,10.654064154903708,23.181329877559804,1,0.020289360412894197,0.27900773038176185,-0.25871836996886766
2021-01-14,sh.601187,11.0800,11.6,10.81,11.1,32140736,361155220.0000,3,12.178500,1,-0.626700,16.272319,1.846420,5.720572,-38.757013,0,11.344000000000003,11.909,12.213499999999993,-1,-1,-1,-1,-1,18.45404296541119,14.912596779206522,25.536935337820527,1,-0.047193605444009634,0.21376746321660756,-0.2609610686606172
2021-01-15,sh.601187,11.3200,12.21,11.31,11.79,81665457,966090669.1700,3,30.944100,1,6.216200,17.283842,1.961197,6.076175,-41.166232,0,11.396000000000003,11.768,12.172999999999993,1,1,-1,-1,-1,25.19432361873532,19.492728659978507,36.59751353624895,1,-0.044484321081824874,0.16211710635692106,-0.20660142743874593
2021-01-18,sh.601187,11.3800,11.71,11.2,11.47,53227119,610272628.2600,3,20.168500,1,-2.714200,16.814730,1.907967,5.911258,-40.048913,0,11.446000000000002,11.646,12.122999999999994,1,-1,-1,-1,-1,33.79441917535263,25.814261919833026,49.75473368639184,1,-0.06738178409057483,0.11621732826742187,-0.1835991123579967
2021-01-19,sh.601187,11.4800,11.68,11.12,11.46,40403082,460171825.7100,3,15.309300,1,-0.087200,16.800070,1.906303,5.906104,-40.013997,0,11.398000000000003,11.564000000000002,12.072499999999994,1,-1,-1,-1,-1,42.23478614782971,33.74117631397253,59.222005815544065,1,-0.08535122907930415,0.07590361679807667,-0.16125484587738081
2021-01-20,sh.601187,11.4000,11.58,11.16,11.26,29401623,332295731.5100,3,11.140700,1,-1.745200,16.506875,1.873035,5.803031,-39.315672,0,11.416000000000002,11.449000000000002,12.049499999999993,-1,-1,-1,-1,-1,37.15950715950725,37.72957082756317,36.0193798233954,-1,-0.11441160644563908,0.037840572149333514,-0.1522521785949726
2021-01-21,sh.601187,11.3100,11.54,11.16,11.38,32934050,374609351.8100,3,12.479100,1,1.065700,16.682792,1.892996,5.864875,-39.734667,0,11.472000000000003,11.408000000000001,12.017499999999993,-1,-1,-1,1,-1,38.508158508158594,39.300817271831825,36.922840980812126,-1,-0.12630322282728912,0.00501181315400899,-0.13131503598129812
2021-01-22,sh.601187,11.2200,11.33,11.03,11.06,30096183,334610503.7300,3,11.403800,1,-2.812000,16.213680,1.839766,5.699958,-38.617348,0,11.326000000000004,11.361,11.950499999999993,-1,-1,-1,-1,-1,31.701631701631786,35.78976578976585,23.52536352536366,-1,-0.15970772884906914,-0.027932095246606642,-0.1317756336024625
2021-01-25,sh.601187,11.0600,11.21,10.81,11.11,23033904,253541397.3700,3,8.727800,1,0.452100,16.286979,1.848083,5.725726,-38.791929,0,11.254000000000003,11.350000000000001,11.870999999999992,-1,-1,-1,-1,-1,27.65567765567771,32.621822621822666,17.723387723387802,-1,-0.1800707152895047,-0.058359819255186254,-0.12171089603431844
2021-01-26,sh.601187,11.0500,11.28,10.72,10.73,24747781,270839695.0900,3,9.377300,1,-3.420300,15.729909,1.784872,5.529886,-37.465112,0,11.108000000000004,11.253000000000002,11.770499999999991,-1,-1,-1,-1,-1,13.893377316196139,24.416895557835186,-7.153659167081955,-1,-0.22428592443469597,-0.0915450402910882,-0.13274088414360777
2021-01-27,sh.601187,10.5900,10.95,10.52,10.57,23824100,254428035.1400,3,9.027300,1,-1.491100,15.495353,1.758257,5.447428,-36.906453,0,10.970000000000004,11.193000000000001,11.64599999999999,-1,-1,-1,-1,-1,8.352764083275208,16.633939685049658,-8.209587120273692,-1,-0.26913503787397985,-0.12706303980766653,-0.14207199806631332
2021-01-28,sh.601187,10.6000,10.69,10.12,10.14,26664620,274291923.5100,3,10.103600,1,-4.068100,14.679516,1.686729,4.842699,-35.405055,0,10.722000000000005,11.097000000000001,11.502999999999991,-1,-1,-1,-1,-1,1.6291941521581623,7.958445183876477,-11.029307911278467,-1,-0.33550816050733445,-0.16875206394760012,-0.16675609655973433
2021-01-29,sh.601187,10.1800,10.24,9.75,9.81,24704327,245014924.9700,3,9.360800,1,-3.254400,14.201780,1.631836,4.685097,-34.252819,0,10.472000000000005,10.899000000000001,11.333499999999992,-1,-1,-1,-1,-1,2.4417499356775507,4.141236057036948,-0.9572223070412438,-1,-0.41001122626842523,-0.21700389641176515,-0.19300732985666008
2021-02-01,sh.601187,9.8100,10.1,9.55,9.99,22140167,218225938.4100,3,8.389200,1,1.834900,14.462363,1.661778,4.771062,-34.881311,0,10.248000000000005,10.751000000000001,11.198499999999992,-1,-1,-1,-1,-1,8.68051559088881,4.2504865595748145,17.5405736535168,1,-0.44935110712092197,-0.2634733385535965,-0.18587776856732546
2021-02-02,sh.601187,9.9400,10.04,9.83,9.86,15926707,157443728.5000,3,6.034800,1,-1.301300,14.274164,1.640153,4.708976,-34.427400,0,10.074000000000003,10.591000000000001,11.077499999999992,-1,-1,-1,-1,-1,13.453858194894117,8.1920412404868,23.97749210370875,1,-0.48542251112648493,-0.3078631730681742,-0.17755933805831076
2021-02-03,sh.601187,9.8500,10.13,9.61,9.87,24615746,243360601.7400,3,9.327200,1,0.101400,14.288641,1.641816,4.713752,-34.462317,0,9.934000000000003,10.452000000000002,10.950499999999993,-1,-1,-1,-1,-1,18.41009812813815,13.514823971307,28.200646441800448,1,-0.5073539813744183,-0.347761334729423,-0.15959264664499534
2021-02-04,sh.601187,9.7600,10.47,9.68,10.03,32561473,328194311.1500,3,12.338000,1,1.621100,14.520270,1.668431,4.790165,-35.020976,0,9.912000000000003,10.317000000000002,10.862499999999994,1,-1,-1,-1,-1,20.433694092336054,17.432550138456083,26.435982000095997,1,-0.5059914126926053,-0.37940735032205947,-0.1265840623705458
2021-02-05,sh.601187,9.9000,10.8,9.8,10.58,56145229,583381529.4500,3,21.274200,1,5.483500,15.316496,1.759921,5.052836,-36.941369,0,10.066000000000003,10.269000000000002,10.814999999999994,1,1,-1,-1,-1,35.08692169470243,24.643571305058856,55.97362247398959,1,-0.45528294534710945,-0.3945824693270695,-0.06070047602003997
2021-02-08,sh.601187,10.4000,10.43,9.75,9.99,34226580,344306942.6200,3,12.968900,1,-5.576600,14.462363,1.661778,4.771062,-34.881311,0,10.066000000000003,10.157,10.753499999999994,-1,-1,-1,-1,-1,39.570602807597055,31.697072864878493,55.31766269303418,1,-0.45743120659668257,-0.4071522167809921,-0.050278989815690456
2021-02-09,sh.601187,9.9100,10.08,9.75,9.98,24095173,238966843.1600,3,9.130000,1,-0.100100,14.447886,1.660114,4.766286,-34.846395,0,10.090000000000003,10.082,10.667499999999993,-1,-1,-1,1,-1,41.788714560968934,38.815413021089455,47.735317640727885,1,-0.45469914681675583,-0.41666160278814485,-0.03803754402861098
2021-02-10,sh.601187,10.0000,10.16,9.77,9.85,22858800,226734594.0000,3,8.661500,1,-1.302600,14.259687,1.638489,4.704200,-34.392484,0,10.086000000000004,10.01,10.601499999999994,-1,-1,-1,1,-1,29.94285714285715,37.10072483714103,15.62712175428939,-1,-0.4577472578516666,-0.4248787338008492,-0.032868524050817416
2021-02-18,sh.601187,9.8400,10.11,9.83,9.93,20184960,200914267.7100,3,7.648300,1,0.812200,14.375502,1.651797,4.742407,-34.671814,0,10.066000000000004,9.988999999999999,10.542999999999996,-1,-1,-1,1,-1,29.599999999999984,33.77719056794201,21.24561886411594,-1,-0.4485371196841257,-0.42961041097750446,-0.01892670870662122
2021-02-19,sh.601187,9.9200,10.18,9.79,10.14,26391457,264640990.6200,3,10.000100,1,2.114800,14.679516,1.686729,4.842699,-35.405055,0,9.978000000000005,10.021999999999998,10.460499999999996,1,1,-1,-1,-1,32.979271708683484,30.84070961718019,37.25639589169007,1,-0.4194575285878006,-0.4275798344995637,0.008122305911763106
2021-02-22,sh.601187,10.0800,10.51,10.06,10.28,30108977,309456124.9300,3,11.408700,1,1.380700,14.882191,1.710017,4.909561,-35.893882,0,10.036000000000005,10.050999999999998,10.400999999999996,1,1,-1,-1,-1,43.74677871148461,35.44201680672268,60.35630252100847,1,-0.3807261392264323,-0.41820909544493745,0.03748295621850517
2021-02-23,sh.601187,10.1900,10.73,10.16,10.5,38095223,399371503.6000,3,14.434800,1,2.140100,15.200682,1.746613,5.014630,-36.662039,0,10.140000000000004,10.114999999999998,10.352999999999996,1,1,1,1,-1,58.01820728291319,44.914752567693746,84.22511671335208,1,-0.328492416630187,-0.40026575968198735,0.07177334305180033
2021-02-24,sh.601187,10.5000,10.51,10.11,10.25,25879546,265962735.3100,3,9.806100,1,-2.381000,14.838761,1.705027,4.895234,-35.789133,0,10.220000000000002,10.152999999999999,10.302499999999997,1,1,-1,1,-1,59.045284780578896,53.60342359165889,69.92900715841891,1,-0.3037680765148352,-0.38096622304855693,0.07719814653372176
2021-02-25,sh.601187,10.2200,10.76,10.13,10.45,32589088,340431971.3400,3,12.348400,1,1.951200,15.128298,1.738296,4.990750,-36.487458,0,10.324000000000003,10.194999999999999,10.255999999999997,1,1,1,1,1,63.380088008800875,60.14786002409764,69.84454397820735,1,-0.26498099435591627,-0.3577691773100288,0.09278818295411251
2021-02-26,sh.601187,10.2200,10.35,10.1,10.12,22471679,228857322.3500,3,8.514800,1,-3.157900,14.650562,1.683402,4.833148,-35.335222,0,10.320000000000004,10.149,10.208999999999996,-1,-1,-1,1,1,51.186547226151184,57.87064000517697,37.8183616680996,-1,-0.25789731466609567,-0.33779480478124213,0.07989749011514646
2021-03-01,sh.601187,10.1000,10.15,9.95,10.08,13858312,139052798.6300,3,5.251100,1,-0.395300,14.592654,1.676749,4.814044,-35.195557,0,10.280000000000003,10.158,10.157499999999997,-1,-1,-1,1,1,45.75124179084577,53.4392923419326,30.375140688672104,-1,-0.25259930562516963,-0.32075570495002764,0.06815639932485801
2021-03-02,sh.601187,10.0700,10.12,9.9,9.93,14400929,143835956.7100,3,5.456700,1,-1.488100,14.375502,1.651797,4.742407,-34.671814,0,10.166000000000002,10.153,10.117499999999998,-1,-1,-1,1,1,27.459928123396583,41.4659057134645,-0.5520270567392487,-1,-0.257535631241252,-0.3081116902082725,0.0505760589670205
2021-03-03,sh.601187,9.9900,10.35,9.93,10.27,26858840,273883901.4300,3,10.177200,1,3.424000,14.867714,1.708354,4.904785,-35.858966,0,10.170000000000002,10.195,10.1025,1,1,1,-1,1,31.743552362109142,34.984907425450494,25.260842235426438,-1,-0.23134573670979286,-0.2927584995085766,0.061412762798783715
2021-03-04,sh.601187,10.1400,10.31,10.06,10.1,19519760,198585917.4900,3,7.396300,1,-1.655300,14.621608,1.680075,4.823596,-35.265390,0,10.100000000000001,10.212,10.100499999999998,-1,-1,-1,-1,-1,29.05777990889479,29.42042013146683,28.332499463750715,-1,-0.22175142348189958,-0.27855708430324116,0.056805660821341586
2021-03-05,sh.601187,10.0200,10.09,9.91,10.07,16334319,163110482.0800,3,6.189300,1,-0.297000,14.578178,1.675085,4.809269,-35.160641,0,10.090000000000002,10.205000000000002,10.113499999999998,-1,-1,-1,-1,-1,30.835930632142595,30.545754301048834,31.41628329433012,1,-0.21410059205284426,-0.2656657858531618,0.051565193800317544
2021-03-08,sh.601187,10.0700,10.16,9.93,9.96,13966500,140029245.0000,3,5.292100,1,-1.092400,14.418932,1.656787,4.756734,-34.776563,0,10.066000000000003,10.173000000000002,10.111999999999998,-1,-1,-1,-1,-1,16.66666666666671,25.52012573590136,-1.0402514718025913,-1,-0.21444138689272663,-0.25542090606107476,0.04097951916834813
2021-03-09,sh.601187,10.0000,10.05,9.5,9.52,18506700,179808575.0000,3,7.012400,1,-4.417700,13.781951,1.583596,4.546597,-33.240249,0,9.984000000000004,10.075000000000001,10.094999999999997,-1,-1,-1,-1,-1,9.443829211271126,18.982142170026805,-9.632796706240232,-1,-0.24736433000781766,-0.2538095908504233,0.00644526084260566
2021-03-10,sh.601187,9.5100,9.59,9.27,9.28,17328123,162388690.0100,3,6.565900,1,-2.521000,13.434507,1.543673,4.431977,-32.402259,0,9.786000000000005,9.978000000000002,10.065499999999997,-1,-1,-1,-1,-1,3.163323899758055,9.757939925898624,-10.025908152523083,-1,-0.28948499108080306,-0.26094467089649925,-0.028540320184303802
2021-03-11,sh.601187,9.3200,9.53,9.31,9.39,12072044,113695337.8400,3,4.574300,1,1.185300,13.593753,1.561971,4.484512,-32.786338,0,9.644000000000004,9.872000000000002,10.033499999999998,-1,-1,-1,-1,-1,4.541446208112931,5.716199773047364,2.191939078244065,-1,-0.3104116059832194,-0.2708380579138433,-0.039573548069376074
2021-03-12,sh.601187,9.4000,9.44,9.29,9.38,10373541,97107469.5800,3,3.930700,1,-0.106500,13.579276,1.560308,4.479736,-32.751421,0,9.506000000000004,9.798,9.973499999999998,-1,-1,-1,-1,-1,7.407407407407512,5.037392505092826,12.147437212036886,1,-0.324067368587869,-0.2814839200486484,-0.04258344853922058
2021-03-15,sh.601187,9.3700,9.5,9.36,9.39,10243361,96293889.9600,3,3.881300,1,0.106600,13.593753,1.561971,4.484512,-32.786338,0,9.392000000000005,9.729000000000001,9.943499999999997,-1,-1,-1,-1,-1,10.80246913580261,7.583774250441011,17.23985890652581,1,-0.33027553167028145,-0.291242242372975,-0.03903328929730643
2021-03-16,sh.601187,9.4000,9.46,9.35,9.41,9517716,89423798.0200,3,3.606400,1,0.213000,13.622706,1.565298,4.494063,-32.856170,0,9.370000000000005,9.677000000000001,9.914999999999997,1,-1,-1,-1,-1,11.585944919278376,9.93194048749616,14.893953782842807,1,-0.32978021178704076,-0.2989498362557882,-0.030830375531252563
2021-03-17,sh.601187,9.3400,9.4,9.3,9.36,8837661,82427806.5200,3,3.348700,1,-0.531300,13.550322,1.556981,4.470184,-32.681589,0,9.386000000000005,9.586000000000002,9.890499999999998,-1,-1,-1,-1,-1,11.561669707737202,11.316694587606056,12.051619947999495,1,-0.3296225655903484,-0.3050843821227002,-0.02453818346764819
2021-03-18,sh.601187,9.3500,9.64,9.32,9.45,14255333,134906803.1400,3,5.401500,1,0.961500,13.680614,1.571952,4.513167,-32.995835,0,9.398000000000005,9.521000000000003,9.866499999999997,1,-1,-1,-1,-1,14.599539037741318,12.582384554918958,18.63384800338604,1,-0.3185631839195455,-0.3077801424820693,-0.010783041437476215
2021-03-19,sh.601187,9.3800,9.54,9.36,9.45,11834750,111881114.0400,3,4.484300,1,0.000000,13.680614,1.571952,4.513167,-32.995835,0,9.412000000000003,9.459000000000001,9.831999999999997,1,-1,-1,-1,-1,17.804667242869485,14.655291996115993,24.103417736376468,1,-0.3062680765259582,-0.3074777292908471,0.00120965276488888
2021-03-22,sh.601187,9.4500,9.62,9.39,9.55,12637440,120308483.5800,3,4.788500,1,1.058200,13.825382,1.588586,4.560925,-33.344997,0,9.444000000000003,9.418000000000003,9.795499999999997,1,1,-1,1,-1,39.65910595124082,24.021104077283866,70.93510969915472,1,-0.28516771516031625,-0.30301572646474095,0.017848011304424705
2021-03-23,sh.601187,9.5100,9.67,9.37,9.56,14535813,137899272.2300,3,5.507800,1,0.104700,13.839859,1.590250,4.565701,-33.379914,0,9.474000000000004,9.422000000000002,9.748499999999996,1,1,-1,1,-1,56.601743443848825,38.0218388793197,93.76155257290708,1,-0.26458859767828535,-0.2953303007074498,0.030741703029164458
2021-03-24,sh.601187,9.5000,10.09,9.44,9.93,31896680,312064974.7600,3,12.086100,1,3.870300,14.375502,1.651797,4.742407,-34.671814,0,9.588000000000005,9.487000000000004,9.732499999999998,1,1,1,1,-1,75.57610241820782,57.278983937765815,112.17033937909184,1,-0.2159344332957449,-0.27945112722510884,0.06351669392936393
2021-03-25,sh.601187,9.7800,10.09,9.75,9.82,20351478,201379376.1300,3,7.711400,1,-1.107800,14.216257,1.633499,4.689873,-34.287735,0,9.662000000000004,9.530000000000005,9.700999999999997,1,1,1,1,-1,72.29180546302476,68.1565504416938,80.56231550568668,1,-0.18412921124907378,-0.2603867440299018,0.07625753278082803
2021-03-26,sh.601187,9.7900,9.82,9.62,9.7,15730979,152416804.8600,3,5.960700,1,-1.222000,14.042535,1.613538,4.632563,-33.868741,0,9.712000000000007,9.562000000000005,9.679999999999996,-1,1,1,1,1,65.48523206751054,71.1177133162477,54.22026957003621,-1,-0.16668490097035438,-0.24164637541799233,0.07496147444763795
2021-03-29,sh.601187,9.6300,9.69,9.56,9.61,10896793,104768863.7800,3,4.128900,1,-0.927800,13.912243,1.598567,4.589580,-33.554495,0,9.724000000000007,9.584000000000005,9.656499999999998,-1,1,-1,1,1,51.89873417721514,63.225257235916814,29.245688059811783,-1,-0.15829765045602606,-0.22497663042559907,0.066678979969573
2021-03-30,sh.601187,9.6000,9.62,9.4,9.43,11450859,108222787.4900,3,4.338900,1,-1.873000,13.651660,1.568625,4.503615,-32.926003,0,9.698000000000006,9.586000000000004,9.631499999999997,-1,-1,-1,1,1,34.71971066907768,50.70122563793445,2.756680731364142,-1,-0.16428145531852145,-0.21283759540418354,0.048556140085662086
2021-03-31,sh.601187,9.4100,9.51,9.37,9.44,7700025,72674482.0200,3,2.917600,1,0.106000,13.666137,1.570288,4.508391,-32.960919,0,9.600000000000005,9.594000000000005,9.589999999999996,-1,-1,-1,1,1,21.495041574805715,36.037828807032845,-7.590532889648543,-1,-0.16629974738664544,-0.20353002580067592,0.03723027841403048
2021-04-01,sh.601187,9.4400,9.46,9.31,9.39,10023574,93981594.7400,3,3.798100,1,-0.529700,13.593753,1.561971,4.484512,-32.786338,0,9.514000000000006,9.588000000000005,9.554499999999996,-1,-1,-1,-1,-1,11.833676217237874,22.68280948704042,-9.864590322367214,-1,-0.16997448051823305,-0.19681891674418733,0.026844436225954282
2021-04-02,sh.601187,9.3800,9.43,9.33,9.39,7926180,74315007.8300,3,3.003300,1,0.000000,13.593753,1.561971,4.484512,-32.786338,0,9.452000000000007,9.582000000000004,9.520499999999995,-1,-1,-1,-1,-1,10.49057487413656,14.606430888726715,2.258862844956248,-1,-0.17091651382055062,-0.19163843615946,0.020721922338909377
2021-04-06,sh.601187,9.4200,9.46,9.38,9.44,6998011,65971340.8000,3,2.651600,1,0.532500,13.666137,1.570288,4.508391,-32.960919,0,9.418000000000006,9.571000000000003,9.494499999999995,1,-1,-1,-1,-1,12.393162393162394,11.572471161512276,14.034544856462631,1,-0.1657182035722755,-0.1864543896420231,0.020736186069747586
2021-04-07,sh.601187,9.4800,9.6,9.4,9.54,10970283,104195695.7900,3,4.156800,1,1.059300,13.810905,1.586923,4.556149,-33.310081,0,9.440000000000007,9.569000000000003,9.495499999999995,1,-1,1,-1,-1,18.80341880341875,13.895718690239235,28.618819029777782,1,-0.15177971886411434,-0.17951945548644135,0.02773973662232701
2021-04-08,sh.601187,9.4900,9.76,9.44,9.56,16840563,161400493.8700,3,6.381100,1,0.209600,13.839859,1.590250,4.565701,-33.379914,0,9.464000000000008,9.532000000000002,9.509499999999994,1,1,1,-1,-1,31.724484665661084,20.97368862074741,53.226076755488435,1,-0.13753412863562176,-0.17112239011627745,0.03358826148065569
2021-04-09,sh.601187,9.4800,9.48,9.37,9.43,10611280,99905158.2000,3,4.020800,1,-1.359800,13.651660,1.568625,4.503615,-32.926003,0,9.472000000000007,9.493000000000004,9.511499999999995,-1,-1,-1,-1,-1,35.05781799899441,28.528573822691413,48.1163063516004,1,-0.13517608354337618,-0.1639331288016972,0.028757045258321012
2021-04-12,sh.601187,9.3600,9.41,9.28,9.28,9631600,89874930.0000,3,3.649500,1,-1.590700,13.434507,1.543673,4.431977,-32.402259,0,9.450000000000006,9.451000000000004,9.506499999999996,-1,-1,-1,-1,-1,25.228758169934633,30.670353611530043,14.345567286743808,-1,-0.14375395609454245,-0.15989729426026625,0.016143338165723803
2021-04-13,sh.601187,9.2800,9.32,9.15,9.18,8478400,77841066.0000,3,3.212600,1,-1.077600,13.289739,1.527039,4.384219,-32.053097,0,9.398000000000007,9.408000000000005,9.495999999999995,-1,-1,-1,-1,-1,10.52823315118392,23.60493644003766,-15.625173426523553,-1,-0.15681349776745535,-0.15928053496170408,0.0024670371942487335
2021-04-14,sh.601187,9.1800,9.22,9.13,9.21,6182330,56732101.0300,3,2.342600,1,0.326800,13.333169,1.532029,4.398546,-32.157846,0,9.332000000000008,9.386000000000005,9.485999999999995,-1,-1,-1,-1,-1,5.872148495099318,13.876379938739293,-10.13631439218063,-1,-0.16286512161070732,-0.15999745229150472,-0.002867669319202598
2021-04-15,sh.601187,9.1900,9.2,9.04,9.07,6855400,62281877.0000,3,2.597600,1,-1.520100,13.130494,1.508741,4.331685,-31.669018,0,9.234000000000007,9.349000000000004,9.471499999999995,-1,-1,-1,-1,-1,7.261037383988259,7.887139676757169,6.008832798450438,-1,-0.176918500728803,-0.16338166197896437,-0.013536838749838631
2021-04-16,sh.601187,9.0800,9.16,9.04,9.11,5760419,52392101.1600,3,2.182700,1,0.441000,13.188401,1.515395,4.350788,-31.808683,0,9.170000000000007,9.321000000000003,9.454499999999996,-1,-1,-1,-1,-1,8.862433862433962,7.331873247173849,11.923555092954189,1,-0.18272193450247975,-0.16724971648366743,-0.015472218018812323
2021-04-19,sh.601187,9.1100,9.26,9.07,9.23,10334790,94635172.0800,3,3.916000,1,1.317200,13.362123,1.535356,4.408098,-32.227678,0,9.160000000000007,9.305000000000003,9.443499999999997,1,-1,-1,-1,-1,13.425925925926066,9.849799057449433,20.578179662879332,1,-0.17561383350462023,-0.168922539887858,-0.0066912936167622394
2021-04-20,sh.601187,9.1700,9.29,9.15,9.15,7585780,69768629.5800,3,2.874400,1,-0.866700,13.246308,1.522049,4.369891,-31.948348,0,9.154000000000007,9.276000000000005,9.423499999999995,-1,-1,-1,-1,-1,17.129629629629772,13.139329805996603,25.110229276896106,1,-0.17442527764014848,-0.1700230874383161,-0.004402190201832384
2021-04-21,sh.601187,9.1000,9.28,9.09,9.23,9053581,83509389.4400,3,3.430500,1,0.874300,13.362123,1.535356,4.408098,-32.227678,0,9.158000000000007,9.245000000000006,9.406999999999995,1,-1,-1,-1,-1,28.282828282828472,19.612794612794772,45.62289562289587,1,-0.16512455406952142,-0.16904338076455716,0.0039188266950357376
2021-04-22,sh.601187,9.1900,9.23,9.1,9.13,8622229,78795317.4800,3,3.267100,1,-1.083400,13.217355,1.518722,4.360340,-31.878516,0,9.170000000000007,9.202000000000005,9.366999999999994,-1,-1,-1,-1,-1,27.594640094640358,24.335699335699534,34.11252161252201,1,-0.1639331090604017,-0.16802132642372608,0.004088217363324376
2021-04-23,sh.601187,9.1000,9.17,9.09,9.12,4933829,44988148.6100,3,1.869500,1,-0.109500,13.202878,1.517058,4.355564,-31.843600,0,9.172000000000008,9.171000000000006,9.331999999999995,-1,-1,-1,1,-1,32.02585702585721,29.30110846777535,37.47535414202093,1,-0.16192917796709771,-0.1668028967324004,0.0048737187653026814
2021-04-26,sh.601187,9.1200,9.14,9.04,9.05,7053190,64070284.1000,3,2.672500,1,-0.767500,13.101540,1.505414,4.322133,-31.599186,0,9.136000000000006,9.148000000000007,9.299499999999997,-1,-1,-1,-1,-1,18.965250965251304,26.195249361916293,4.5052541719213295,-1,-0.16409784531032656,-0.16626188644798562,0.0021640411376590563
2021-04-27,sh.601187,9.0500,9.08,8.76,8.78,12445429,110079092.3300,3,4.715700,1,-2.983400,12.525307,1.229489,4.352170,6.726530,0,9.062000000000008,9.108000000000008,9.257999999999997,-1,-1,-1,-1,-1,12.11500449236317,21.035370827823897,-5.725728178558285,-1,-0.18546534427940564,-0.17010257801426962,-0.015362766265136024
2021-04-28,sh.601187,8.7800,8.78,8.53,8.61,10027617,86105592.6700,3,3.799600,1,-1.936200,12.282789,1.205683,4.267902,6.596289,0,8.938000000000008,9.048000000000005,9.216999999999995,-1,-1,-1,-1,-1,6.099966898378241,12.393407451997573,-6.486914208860423,-1,-0.21365395065940262,-0.1788128525432962,-0.03484109811610642
2021-04-29,sh.601187,8.6100,8.78,8.53,8.72,8295206,72064802.9900,3,3.143200,1,1.277600,12.439712,1.221087,4.322428,6.680563,0,8.856000000000007,9.013000000000005,9.180999999999996,-1,-1,-1,-1,-1,13.09996689837809,10.438312763039834,18.4232751690546,1,-0.22452930949661543,-0.18795614393396004,-0.036573165562655385
2021-04-30,sh.601187,8.6700,8.67,8.48,8.49,9031800,77148397.7500,3,3.422300,1,-2.637600,12.111601,1.188879,4.208419,6.504355,0,8.730000000000008,8.951000000000004,9.135999999999996,-1,-1,-1,-1,-1,12.253627896902836,10.484520564553057,15.791842561602397,1,-0.24883872955999564,-0.20013266105916716,-0.04870606850082848
2021-05-06,sh.601187,8.4800,8.59,8.48,8.54,4650458,39664528.8700,3,1.762100,1,0.588900,12.182929,1.195881,4.233204,6.542661,0,8.628000000000007,8.882000000000005,9.093499999999995,-1,-1,-1,-1,-1,11.244855967078221,12.19948358745305,9.335600726328561,-1,-0.2610601985035572,-0.21231816854804517,-0.04874202995551205
2021-05-07,sh.601187,8.5300,8.61,8.5,8.55,6371400,54547360.0000,3,2.414200,1,0.117100,12.197195,1.197281,4.238161,6.550322,0,8.582000000000008,8.822000000000005,9.048999999999996,-1,-1,-1,-1,-1,6.022633744855953,9.840372536279004,-1.6128438379901482,-1,-0.26686265766442574,-0.22322706637132128,-0.04363559129310446
2021-05-10,sh.601187,8.5400,8.54,8.33,8.38,8122974,68081976.1900,3,3.077900,1,-1.988300,11.954678,1.173475,4.153893,6.420082,0,8.536000000000008,8.737000000000004,8.990999999999996,-1,-1,-1,-1,-1,7.595238095238117,8.287575935724098,6.210562414266157,-1,-0.2819288275749141,-0.23496741861203985,-0.04696140896287426
2021-05-11,sh.601187,8.3500,8.5,8.3,8.48,7328681,61736898.6600,3,2.776900,1,1.193300,12.097335,1.187479,4.203462,6.496694,0,8.488000000000008,8.672000000000004,8.936999999999996,-1,-1,-1,-1,-1,12.238095238095303,8.61865569272979,19.476974328826326,1,-0.28254273474039593,-0.24448248183771107,-0.03806025290268486
2021-05-12,sh.601187,8.4100,8.72,8.41,8.59,8285345,71254578.5500,3,3.139400,1,1.297200,12.254258,1.202882,4.257988,6.580967,0,8.508000000000006,8.619000000000003,8.894999999999996,1,-1,-1,-1,-1,21.52014652014655,13.784493284493323,36.991452991453,1,-0.271028927137964,-0.24979177089776167,-0.021237156240202337
2021-05-13,sh.601187,8.5500,8.69,8.51,8.55,6932100,59623981.9000,3,2.626700,1,-0.465700,12.197195,1.197281,4.238161,6.550322,0,8.510000000000009,8.569000000000004,8.858499999999996,1,-1,-1,-1,-1,36.897130647130695,23.551790801790847,63.58781033781039,1,-0.2621103721544298,-0.2522554911490953,-0.009854881005334493
2021-05-14,sh.601187,8.6600,9.41,8.56,9.23,44171474,404599941.5900,3,16.737100,1,7.953200,13.167264,1.292503,4.575231,7.071284,0,8.64600000000001,8.614000000000004,8.860999999999995,1,1,1,1,-1,57.68220143220149,38.69982619982624,95.64695189695199,1,-0.19789087326813437,-0.2413825675729031,0.043491694304768735
2021-05-17,sh.601187,8.9400,9.1,8.9,8.96,25989197,233247816.4600,3,9.847600,1,-2.925200,12.782090,1.254695,4.441394,6.864431,0,8.76200000000001,8.649000000000004,8.848499999999996,1,1,1,1,-1,65.10885885885897,53.22939697939705,88.86778261778278,1,-0.1668597459553034,-0.22647800324938316,0.05961825729407977
2021-05-18,sh.601187,8.9100,9.1,8.87,8.96,14537544,130427949.6800,3,5.508500,1,0.000000,12.782090,1.254695,4.441394,6.864431,0,8.858000000000008,8.673000000000005,8.842999999999996,1,1,1,1,1,67.56756756756764,63.452875952876035,75.79695079695084,1,-0.14064607360530346,-0.20931161732056722,0.06866554371526376
2021-05-19,sh.601187,8.8500,8.92,8.71,8.84,13908890,122602943.7400,3,5.270300,1,-1.339300,12.610901,1.237891,4.381911,6.772497,0,8.90800000000001,8.708000000000006,8.829499999999998,-1,1,1,1,1,55.85585585585591,62.844094094094174,41.87937937937937,-1,-0.12807814143814866,-0.1930649221440835,0.06498678070593483
2021-05-20,sh.601187,8.7900,9.26,8.78,9.11,25960596,234642309.8800,3,9.836800,1,3.054300,12.996076,1.275699,4.515748,6.979349,0,9.02000000000001,8.765000000000004,8.8235,1,1,1,1,1,60.36036036036037,61.2612612612613,58.55855855855849,-1,-0.09523342943894697,-0.17349862360305618,0.07826519416410921
2021-05-21,sh.601187,9.1100,9.18,8.91,8.91,16791793,150833080.9400,3,6.362600,1,-2.195400,12.710761,1.247693,4.416609,6.826125,0,8.956000000000008,8.801000000000005,8.811499999999999,-1,1,1,1,1,58.85885885885884,58.35835835835837,59.85985985985977,1,-0.08436952767958417,-0.1556728044183618,0.07130327673877762
2021-05-24,sh.601187,8.9000,9.23,8.87,9.07,17077096,154759478.2300,3,6.470700,1,1.795700,12.939013,1.270098,4.495920,6.948704,0,8.978000000000009,8.870000000000005,8.803499999999998,1,1,1,1,1,64.64264264264264,61.287287287287285,71.35335335335336,1,-0.062132914874618805,-0.1369648265096132,0.07483191163499439
2021-05-25,sh.601187,9.0200,9.98,9.01,9.98,82409874,810226262.9100,3,31.226200,1,10.033100,14.237194,1.397528,4.946999,7.645873,0,9.182000000000007,9.020000000000005,8.845999999999998,1,1,1,1,1,73.65165165165168,65.71771771771772,89.5195195195196,1,0.028589592763170302,-0.10385394265505649,0.1324435354182268
2021-05-26,sh.601187,10.2400,10.69,9.97,10.14,98437061,1012113712.0200,3,37.299100,1,1.603200,14.465445,1.419933,5.026310,7.768452,0,9.442000000000007,9.175000000000004,8.896999999999997,1,1,1,1,1,80.0594679186229,72.78458740430574,94.60922894725724,1,0.11210620595217158,-0.06066191293361087,0.17276811888578245
2021-05-27,sh.601187,9.8400,10.2,9.8,9.98,45404232,452609836.7800,3,17.204300,1,-1.577900,14.237194,1.397528,4.946999,7.645873,0,9.616000000000009,9.318000000000005,8.943499999999997,1,1,1,1,1,79.43993929909429,77.71701962312295,82.88577865103696,1,0.16349835353954134,-0.015829859638980426,0.17932821317852177
2021-05-28,sh.601187,10.0300,10.46,9.86,10.1,48116389,485597151.1700,3,18.231900,1,1.202400,14.408382,1.414332,5.006482,7.737808,0,9.85400000000001,9.405000000000005,9.009499999999996,1,1,1,1,1,69.50727936643435,76.33556219471718,55.85071370986867,-1,0.2114722771075428,0.02963056771032422,0.18184170939721858
2021-05-31,sh.601187,10.0100,10.08,9.81,10.04,29939114,298530453.9800,3,11.344300,1,-0.594100,14.322788,1.405930,4.976741,7.691840,0,10.048000000000009,9.513000000000002,9.080999999999996,-1,1,1,1,1,67.1717171717172,72.03964527908194,57.43586095698774,-1,0.24186241919520768,0.07207693800730092,0.16978548118790676
2021-06-01,sh.601187,9.9800,10.29,9.85,10.25,38270121,386097322.7500,3,14.501000,1,2.091600,14.622368,1.435337,5.080836,7.852726,0,10.10200000000001,9.642000000000001,9.157499999999995,1,1,1,1,1,71.44569605302594,69.37489753039249,75.58729309829286,1,0.2796682294440025,0.11359519629464124,0.16607303314936125
2021-06-02,sh.601187,10.1400,10.23,9.97,10.0,27821570,279745370.6800,3,10.542000,1,-2.439000,14.265725,1.400329,4.956913,7.661196,0,10.074000000000009,9.758000000000001,9.232999999999995,-1,1,1,1,1,68.74099334832324,69.11946885768879,67.98404232959217,-1,0.28615804397574784,0.14810776583086255,0.1380502781448853
2021-06-03,sh.601187,9.9400,10.22,9.87,9.87,26431671,265070088.6300,3,10.015300,1,-1.300000,14.080271,1.382124,4.892473,7.561600,0,10.052000000000008,9.834000000000001,9.299499999999997,-1,1,1,1,1,64.66543927276918,68.28404289137278,57.42823203556199,-1,0.2776112258000403,0.1740084578246981,0.10360276797534218
2021-06-04,sh.601187,9.8000,10.2,9.62,9.84,32353500,318912908.4900,3,12.259200,1,-0.304000,14.037474,1.377923,4.877602,7.538617,0,10.000000000000009,9.927000000000003,9.363999999999995,-1,-1,1,1,1,55.47924297924305,62.96189186677848,40.513945204172174,-1,0.2653581776475633,0.19227840178927114,0.07307977585829217
2021-06-07,sh.601187,9.6900,9.86,9.63,9.66,20849700,202214748.0000,3,7.900200,1,-1.829300,13.780691,1.352718,4.788378,7.400715,0,9.92400000000001,9.986,9.427999999999995,-1,-1,1,-1,1,36.02937820227548,52.058020151429226,3.9720943039679923,-1,0.23837521197086353,0.20149776382558962,0.03687744814527391
2021-06-08,sh.601187,9.6300,9.81,9.59,9.73,17112971,165903170.5700,3,6.484300,1,0.724600,13.880551,1.362520,4.823076,7.454343,0,9.820000000000011,9.961000000000002,9.490499999999995,-1,-1,1,-1,1,23.078344561586686,38.19565524770173,-7.156276810643405,-1,0.2201022307487115,0.20521865721021398,0.014883573538497508
2021-06-09,sh.601187,9.6600,9.78,9.6,9.69,14852542,143488184.3600,3,5.627800,1,-0.411100,13.823488,1.356919,4.803249,7.423699,0,9.75800000000001,9.916,9.545499999999995,-1,-1,1,-1,1,10.441508217853766,23.183076993905303,-15.041629334249308,-1,0.20008662174846492,0.20419225011786418,-0.004105628369399261
2021-06-10,sh.601187,9.6800,10.1,9.63,9.83,25064760,247146995.0800,3,9.497400,1,1.444800,14.023208,1.376523,4.872645,7.530955,0,9.75000000000001,9.901,9.609499999999995,1,-1,1,-1,1,20.623973727422072,18.047942168954165,25.77603684435789,1,0.19329277855170623,0.2020123558046326,-0.008719577252926353
2021-06-11,sh.601187,9.6900,9.88,9.66,9.69,20924627,203599581.7800,3,7.928600,1,-1.424200,13.823488,1.356919,4.803249,7.423699,0,9.72000000000001,9.860000000000001,9.632499999999997,-1,-1,1,-1,1,20.021893814997306,17.029125253424372,26.007430938143173,1,0.17459910905508202,0.19652970645472248,-0.021930597399640456
2021-06-15,sh.601187,9.6500,9.65,9.11,9.15,24895830,231033522.2800,3,9.433400,1,-5.572800,13.053139,1.281301,4.535575,7.009994,0,9.618000000000011,9.771,9.641999999999996,-1,-1,-1,-1,-1,17.38095238095247,19.342273307790606,13.458310527276197,-1,0.11488641518672793,0.18020104820112356,-0.06531463301439563
2021-06-16,sh.601187,9.0200,9.27,9.02,9.18,11819612,108454393.7500,3,4.478600,1,0.327900,13.095936,1.285502,4.550446,7.032978,0,9.508000000000012,9.664000000000001,9.652999999999995,-1,-1,-1,-1,-1,10.396825396825463,15.933223864258403,-0.6759715380404181,-1,0.06918688107121618,0.1579982147751421,-0.08881133370392591
2021-06-17,sh.601187,9.1800,9.28,9.13,9.17,10263238,94193962.8400,3,3.888900,1,-0.108900,13.081670,1.284101,4.545489,7.025316,0,9.404000000000012,9.581000000000001,9.669499999999996,-1,-1,-1,-1,-1,9.872208770513945,12.549995516097283,4.51663527934727,-1,0.03179622749272504,0.13275781731865868,-0.10096158982593365
2021-06-18,sh.601187,9.1000,9.26,9.04,9.21,12066361,110759621.3700,3,4.572100,1,0.436200,13.138733,1.289703,4.565317,7.055961,0,9.280000000000012,9.515,9.674499999999997,-1,-1,-1,-1,-1,14.545930110901963,11.604988092747115,20.42781414721166,1,0.005330088905671104,0.10727227163606116,-0.10194218273039006
2021-06-21,sh.601187,9.3800,9.45,9.06,9.12,15340882,141267316.2200,3,5.812900,1,-0.977200,13.010341,1.277100,4.520705,6.987010,0,9.166000000000013,9.443000000000001,9.684999999999997,-1,-1,-1,-1,-1,13.187905419543926,12.535348100319936,14.493020057991906,1,-0.02264571869279841,0.08128867357028924,-0.10393439226308765
2021-06-22,sh.601187,9.1000,9.28,9.1,9.18,14152882,130184828.0500,3,5.362700,1,0.657900,13.095936,1.285502,4.550446,7.032978,0,9.172000000000013,9.395000000000001,9.690499999999997,1,-1,-1,-1,-1,13.888888888888971,13.874241473111612,13.91818372044369,1,-0.03951969081475859,0.05712700069327967,-0.09664669150803826
2021-06-23,sh.601187,9.1600,9.42,9.11,9.27,18269443,168664694.7900,3,6.922500,1,0.980400,13.224327,1.298105,4.595058,7.101928,0,9.190000000000012,9.349,9.654999999999998,1,-1,-1,-1,-1,15.740740740740783,14.272511683057886,18.67719885610658,1,-0.04511018531697886,0.03667956349122796,-0.08178974880820682
2021-06-24,sh.601187,9.2700,9.33,9.14,9.27,13759900,126823587.0700,3,5.213800,1,0.000000,13.224327,1.298105,4.595058,7.101928,0,9.210000000000012,9.307,9.6115,1,-1,-1,-1,-1,22.344243468274517,17.32462436596808,32.38348167288739,1,-0.04897612619117453,0.01954842555474746,-0.068524551745922
2021-06-25,sh.601187,9.2800,10.2,9.28,10.2,56096495,554431294.6200,3,21.255700,1,10.032400,14.551040,1.428335,5.056051,7.814420,0,9.40800000000001,9.344000000000001,9.622499999999999,1,1,1,1,-1,50.73930519666957,29.608096468561616,93.00172265288549,1,0.022741169433784236,0.020186974330554816,0.0025541951032294202
2021-06-28,sh.601187,10.0000,10.0,9.35,9.51,52073016,498673018.9800,3,19.731100,1,-6.764700,13.566705,1.331713,4.714024,7.285797,0,9.48600000000001,9.326000000000002,9.593,1,1,-1,1,-1,56.86506372355805,43.316204129500704,83.96278291167275,1,0.02362804014355291,0.020875187493154434,0.0027528526503984747
2021-06-29,sh.601187,9.4000,9.52,9.39,9.44,20742865,196071122.3000,3,7.859700,1,-0.736100,13.466845,1.321910,4.679326,7.232169,0,9.53800000000001,9.355,9.562999999999999,-1,1,-1,1,-1,58.66939411650114,55.424587678909575,65.15900699168427,1,0.018469570868942853,0.020394064168312118,-0.0019244932993692648
2021-06-30,sh.601187,9.4400,9.5,9.29,9.48,19055843,179168911.5000,3,7.220500,1,0.423700,13.523907,1.327512,4.699154,7.262813,0,9.580000000000009,9.385000000000002,9.5245,-1,1,-1,1,1,37.97973894408738,51.17139892804885,11.59641897616443,-1,0.017408438863263598,0.019796939107302413,-0.002388500244038815
2021-07-01,sh.601187,9.4600,9.48,9.15,9.16,20235899,188791534.7100,3,7.667600,1,-3.375500,13.067404,1.282701,4.540532,7.017655,0,9.55800000000001,9.384,9.482499999999998,-1,-1,-1,1,1,27.061907642669976,41.237013567752825,-1.2883042074957274,-1,-0.009148384660994324,0.014007874353643066,-0.02315625901463739
2021-07-02,sh.601187,9.0400,9.04,8.8,8.84,18985532,168405324.5600,3,7.193900,1,-3.493400,12.610901,1.237891,4.381911,6.772497,0,9.28600000000001,9.347,9.431,-1,-1,-1,-1,-1,16.52003572148768,27.187227436081674,-4.814347707700307,-1,-0.05537782320950413,0.0001307348410136272,-0.055508558050517756
2021-07-05,sh.601187,8.8300,9.01,8.74,8.93,11081929,98399129.6200,3,4.199100,1,1.018100,12.739293,1.250494,4.426523,6.841448,0,9.17000000000001,9.328,9.385499999999999,-1,-1,-1,-1,-1,8.21425710394709,17.26540015603491,-9.88802900022855,-1,-0.08378689531207506,-0.01665279118960411,-0.06713410412247095
2021-07-06,sh.601187,8.9200,9.01,8.85,8.98,9563050,85593127.0000,3,3.623600,1,0.559900,12.810621,1.257495,4.451308,6.879754,0,9.078000000000012,9.308,9.351499999999998,-1,-1,-1,-1,-1,10.769732550554492,11.83467512532975,8.639847401003973,-1,-0.10110127493304155,-0.0335424879382916,-0.06755878699474996
2021-07-07,sh.601187,8.9500,9.11,8.94,9.01,10272074,92533446.7600,3,3.892200,1,0.334100,12.853418,1.261696,4.466179,6.902737,0,8.98400000000001,9.282,9.315499999999998,1,-1,-1,-1,-1,15.98173515981739,11.655241604772987,24.634722269906195,1,-0.1111213583975239,-0.049058262030138064,-0.06206309636738584
2021-07-08,sh.601187,9.1000,9.13,8.88,8.94,10049500,90050101.8000,3,3.807900,1,-0.776900,12.753558,1.251894,4.431480,6.849109,0,8.940000000000008,9.249,9.277999999999999,-1,-1,-1,-1,-1,16.934840907443675,14.56210287260518,21.68031697712067,1,-0.12328955645775785,-0.06390452091566202,-0.05938503554209583
2021-07-09,sh.601187,8.8300,8.96,8.83,8.92,7102656,63144082.1600,3,2.691300,1,-0.223700,12.725027,1.249093,4.421566,6.833787,0,8.956000000000008,9.121,9.232499999999998,-1,-1,-1,-1,-1,19.147696544956833,17.35475753740596,22.733574560058585,1,-0.13301347737152902,-0.07772631220683543,-0.05528716516469359
2021-07-12,sh.601187,9.0300,9.09,8.93,8.97,12505258,112652645.9000,3,4.738400,1,0.560500,12.796356,1.256095,4.446351,6.872092,0,8.96400000000001,9.067,9.196499999999997,1,-1,-1,-1,-1,23.07103228155864,19.717856577986378,29.77738368870316,1,-0.13512750683534946,-0.08920655113253824,-0.045920955702811225
2021-07-13,sh.601187,8.9200,9.06,8.73,9.0,11945590,106015978.6300,3,4.526300,1,0.334400,12.839153,1.260296,4.461222,6.895076,0,8.968000000000009,9.023,9.188999999999997,1,-1,-1,-1,-1,29.78002699055335,23.99958527235627,41.3409104269475,1,-0.13285072072483395,-0.09793538505099739,-0.03491533567383656
2021-07-14,sh.601187,8.9500,9.0,8.89,8.91,7206641,64388663.9000,3,2.730700,1,-1.000000,12.710761,1.247693,4.416609,6.826125,0,8.948000000000011,8.966,9.175499999999996,-1,-1,-1,-1,-1,37.087719298245624,29.97959285678587,51.303972181165136,1,-0.1367324327952293,-0.10569479459984377,-0.03103763819538552
2021-07-15,sh.601187,8.8900,9.32,8.87,9.1,23087472,211077114.2600,3,8.748100,1,2.132400,12.981810,1.274299,4.510791,6.971688,0,8.980000000000011,8.959999999999999,9.171999999999997,1,1,-1,1,-1,47.90395480225984,38.25723369701961,67.1973970127403,1,-0.12305876068177568,-0.10916758781623015,-0.013891172865545531
2021-07-16,sh.601187,9.0100,9.01,8.87,8.92,14149954,126128501.9100,3,5.361600,1,-1.978000,12.725027,1.249093,4.421566,6.833787,0,8.980000000000011,8.968,9.157499999999995,-1,-1,-1,1,-1,46.63841807909599,43.87669739320049,52.16185945088699,1,-0.1253023650295635,-0.11239454325889682,-0.01290782177066667
2021-07-19,sh.601187,8.9200,8.92,8.79,8.91,8557200,75649792.0000,3,3.242400,1,-0.112100,12.710761,1.247693,4.416609,6.826125,0,8.968000000000012,8.966,9.146999999999995,-1,-1,-1,1,-1,41.80790960451974,45.45009416195853,34.52354048964216,-1,-0.12642994832165222,-0.1152016242714479,-0.011228324050204325
2021-07-20,sh.601187,8.8500,8.94,8.83,8.87,5259934,46640309.9000,3,1.993100,1,-0.448900,12.653698,1.242092,4.396782,6.795481,0,8.94200000000001,8.955,9.131499999999996,-1,-1,-1,-1,-1,28.81355932203384,39.086629001883196,8.267419962335126,-1,-0.12906346858386897,-0.11797399313393211,-0.011089475449936853
2021-07-21,sh.601187,8.8900,9.0,8.88,8.92,7909086,70581031.4400,3,2.996900,1,0.563700,12.725027,1.249093,4.421566,6.833787,0,8.944000000000011,8.946,9.113999999999994,-1,-1,-1,-1,-1,28.81355932203384,33.14500941619581,20.150659133709894,-1,-0.12566735518721295,-0.11951266554458828,-0.006154689642624667
2021-07-22,sh.601187,8.7800,8.83,8.7,8.75,8416637,73787370.1200,3,3.189200,1,0.114400,12.482510,1.225288,4.337299,6.703546,0,8.874000000000011,8.927,9.087999999999994,-1,-1,-1,-1,-1,21.33223983962091,26.31978616122954,11.357147196403652,-1,-0.13513572953242914,-0.12263727834215646,-0.01249845119027268
2021-07-23,sh.601187,8.7500,9.23,8.63,8.89,19964735,177963475.2000,3,7.564900,1,1.600000,12.682230,1.244892,4.406696,6.810803,0,8.868000000000011,8.924,9.022499999999994,1,-1,-1,-1,-1,25.98302179327692,25.3762736516439,27.196518076542958,1,-0.12984587205893838,-0.12407899708551284,-0.00576687497342554
2021-07-26,sh.601187,8.7800,8.8,8.6,8.61,12822402,111177884.7600,3,4.858600,1,-3.149600,12.282789,1.205683,4.267902,6.596289,0,8.80800000000001,8.888,8.977499999999996,-1,-1,-1,-1,-1,15.711521479403741,21.008927704100532,5.116709030010156,-1,-0.14655785412889344,-0.12857476849418897,-0.017983085634704465
2021-07-27,sh.601187,8.6000,8.64,8.46,8.46,8501125,72569820.9000,3,3.221200,1,-1.742200,12.068804,1.184678,4.193548,6.481372,0,8.72600000000001,8.834,8.928499999999996,-1,-1,-1,-1,-1,13.023349436392953,18.239297569691214,2.5914531697964307,-1,-0.16994692436456837,-0.13684919966826486,-0.03309772469630351
2021-07-28,sh.601187,8.4200,8.88,8.41,8.54,12365712,106885637.2600,3,4.685500,1,0.945600,12.182929,1.195881,4.233204,6.542661,0,8.65000000000001,8.797,8.881499999999996,-1,-1,-1,-1,-1,5.747515808491415,11.494128908096046,-5.745710390717846,-1,-0.1799532110236921,-0.1454700019393503,-0.0344832090843418
2021-07-29,sh.601187,8.4800,8.51,8.35,8.47,10407826,87665757.2000,3,3.943700,1,-0.819700,12.083069,1.186078,4.198505,6.489033,0,8.59400000000001,8.734,8.846999999999996,-1,-1,-1,-1,-1,9.830007390983042,9.533624211955813,10.4227737490375,1,-0.1913261910441033,-0.15464123976030092,-0.03668495128380239
2021-07-30,sh.601187,8.4000,8.44,8.3,8.37,7945238,66321141.1500,3,3.010600,1,-1.180600,11.940412,1.172075,4.148936,6.412421,0,8.490000000000009,8.679,8.823499999999996,-1,-1,-1,-1,-1,12.338967964459691,9.305497054644725,18.405909784089623,1,-0.20603349799976378,-0.1649196914081935,-0.041113806591570295
2021-08-02,sh.601187,8.3800,8.7,8.21,8.57,14451881,123127489.4300,3,5.476000,1,2.389500,12.225726,1.200082,4.248074,6.565645,0,8.48200000000001,8.645000000000001,8.805499999999995,1,-1,-1,-1,-1,18.819121001284206,13.662698785575657,29.131965432701307,1,-0.19925394079408676,-0.17178654128537213,-0.02746739950871463
2021-08-03,sh.601187,8.5000,8.67,8.4,8.59,10440468,89280358.7500,3,3.956000,1,0.233400,12.254258,1.202882,4.257988,6.580967,0,8.50800000000001,8.617,8.785999999999996,1,-1,-1,-1,-1,26.691967109424372,19.2833520250561,41.50919727816092,1,-0.19007618012531857,-0.17544446905336142,-0.014631711071957154
2021-08-04,sh.601187,8.5700,8.65,8.51,8.62,6782261,58077029.7700,3,2.569900,1,0.349200,12.297055,1.207083,4.272859,6.603951,0,8.52400000000001,8.587000000000002,8.766499999999997,1,1,-1,-1,-1,37.581699346405195,27.697595819037932,57.34990640113971,1,-0.1783263541868223,-0.17602084608005358,-0.0023055081067687166
2021-08-05,sh.601187,8.6000,8.77,8.56,8.59,10400600,90183533.0000,3,3.940900,1,-0.348000,12.254258,1.202882,4.257988,6.580967,0,8.54800000000001,8.571000000000002,8.748999999999997,1,1,-1,-1,-1,44.72246610086813,36.33204418556591,61.50330993147257,1,-0.16948160333259388,-0.17471299753056163,0.005231394197967754
2021-08-06,sh.601187,8.5400,8.7,8.46,8.62,8773897,75364405.2700,3,3.324500,1,0.349200,12.297055,1.207083,4.272859,6.603951,0,8.59800000000001,8.544000000000002,8.733999999999998,1,1,-1,1,-1,52.70217539752207,45.00211361493181,68.10229896270259,1,-0.15822737855127578,-0.17141587373470446,0.013188495183428683
2021-08-09,sh.601187,8.5800,8.83,8.57,8.73,13033798,114100276.4100,3,4.938700,1,1.276100,12.453978,1.222487,4.327385,6.688224,0,8.63000000000001,8.556000000000003,8.721999999999998,1,1,1,1,-1,65.17412935323374,54.19959028387465,87.1232074919519,1,-0.13883187618925952,-0.16489907422561548,0.02606719803635596
2021-08-10,sh.601187,8.7400,8.84,8.63,8.82,12289579,107379988.7400,3,4.656700,1,1.030900,12.582370,1.235090,4.371997,6.757175,0,8.676000000000009,8.592000000000002,8.712999999999997,1,1,1,1,-1,78.54378899155016,65.47336458076866,104.68463781311314,1,-0.11487435295760307,-0.154894129972013,0.040019777014409924
2021-08-11,sh.601187,8.8000,8.91,8.74,8.74,13315531,117352176.5000,3,5.045400,1,-0.907000,12.468244,1.223887,4.332342,6.695885,0,8.70000000000001,8.612000000000002,8.704499999999998,1,1,1,1,-1,83.38387427939672,75.70059754139355,98.75042775540308,1,-0.10117687061989322,-0.14415067810158905,0.042973807481695825
2021-08-12,sh.601187,8.6800,8.84,8.66,8.7,8789000,76655760.0000,3,3.330300,1,-0.457700,12.411181,1.218286,4.312514,6.665240,0,8.722000000000012,8.635000000000002,8.684499999999996,-1,1,1,1,1,80.84656084656086,80.92474137250258,80.69019979467743,-1,-0.09248309533399812,-0.13381716154807086,0.041334066214072734
2021-08-13,sh.601187,8.6500,8.73,8.57,8.62,6695900,57784831.0000,3,2.537200,1,-0.919500,12.297055,1.207083,4.272859,6.603951,0,8.722000000000012,8.660000000000002,8.669499999999998,-1,-1,-1,1,1,62.95051353874876,75.72698288823544,37.39757483977539,-1,-0.09099956090391892,-0.12525364141924047,0.034254080515321556
2021-08-16,sh.601187,8.6000,8.66,8.55,8.59,7585700,65221739.0000,3,2.874300,1,-0.348000,12.254258,1.202882,4.257988,6.580967,0,8.694000000000011,8.662000000000003,8.653499999999998,-1,-1,-1,1,1,47.342047930283094,63.71304077186423,14.600062247120832,-1,-0.09119337796406946,-0.11844158872820627,0.027248210764136818
2021-08-17,sh.601187,8.5700,8.69,8.42,8.43,9983421,85450788.9700,3,3.782800,1,-1.862600,12.026006,1.180477,4.178678,6.458388,0,8.61600000000001,8.646000000000004,8.631499999999999,-1,-1,-1,-1,-1,24.68898670579334,44.993849391608386,-15.920738665836751,-1,-0.10306952092613564,-0.11536717516779214,0.012297654241656505
2021-08-18,sh.601187,8.4000,8.79,8.38,8.71,17490754,150674320.7800,3,6.627500,1,3.321500,12.425447,1.219686,4.317471,6.672901,0,8.61000000000001,8.655000000000005,8.620999999999999,1,1,1,-1,-1,31.06461871960525,34.36521778522721,24.46342058836133,-1,-0.08886342756677124,-0.11006642564758796,0.02120299808081673
2021-08-19,sh.601187,8.6500,8.7,8.44,8.47,11976826,102251347.0500,3,4.538200,1,-2.755500,12.083069,1.186078,4.198505,6.489033,0,8.56400000000001,8.643000000000004,8.607,-1,-1,-1,-1,-1,27.09536644846624,27.61632395795493,26.053451429488867,-1,-0.0958659079539732,-0.10722632210886501,0.011360414154891807
2021-08-20,sh.601187,8.4400,8.51,8.33,8.39,7657862,64312511.7000,3,2.901700,1,-0.944500,11.968943,1.174876,4.158850,6.427743,0,8.518000000000011,8.620000000000003,8.581999999999999,-1,-1,-1,-1,-1,29.86337020169171,29.34111845658772,30.907873691899688,1,-0.10664145916384449,-0.10710934951986091,0.00046789035601642326
2021-08-23,sh.601187,8.3600,8.42,8.35,8.39,7648576,64043449.8000,3,2.898100,1,0.000000,11.968943,1.174876,4.158850,6.427743,0,8.478000000000012,8.586000000000002,8.570999999999998,-1,-1,-1,-1,-1,12.5569290826286,23.1718885775955,-8.672989907305201,-1,-0.113868555306464,-0.10846119067718153,-0.005407364629282471
2021-08-24,sh.601187,8.3900,8.46,8.35,8.41,6845233,57509381.2000,3,2.593700,1,0.238400,11.997475,1.177676,4.168764,6.443066,0,8.474000000000013,8.545000000000002,8.568499999999997,-1,-1,-1,-1,-1,12.125309894072684,18.181869726130984,0.012190229956082987,-1,-0.1166377211696954,-0.11009649677568431,-0.006541224394011086
2021-08-25,sh.601187,8.4100,8.44,8.34,8.38,4898489,41026895.1900,3,1.856100,1,-0.356700,11.954678,1.173475,4.153893,6.420082,0,8.408000000000012,8.509000000000002,8.560499999999998,-1,-1,-1,-1,-1,12.30022243780085,12.327487138167363,12.245693037067824,-1,-0.11987125315747349,-0.11205144805204215,-0.007819805105431343
2021-08-26,sh.601187,8.3700,8.39,8.3,8.31,5682180,47353598.8000,3,2.153100,1,-0.835300,11.854818,1.163673,4.119195,6.366454,0,8.376000000000014,8.470000000000002,8.552499999999998,-1,-1,-1,-1,-1,9.532218684575382,11.31925033881629,5.958155376093561,-1,-0.12662263858199907,-0.11496568615803353,-0.011656952423965541
2021-08-27,sh.601187,8.3000,8.35,8.25,8.27,5294532,43862493.2800,3,2.006200,1,-0.481300,11.797755,1.158072,4.099367,6.335809,0,8.352000000000013,8.435,8.547499999999998,-1,-1,-1,-1,-1,5.538028415875277,9.123489846083823,-1.6328944445418152,-1,-0.1336600757256381,-0.11870456407155444,-0.014955511654083653
2021-08-30,sh.601187,8.2700,8.32,8.21,8.26,5421654,44721839.9300,3,2.054300,1,-0.120900,11.222763,1.146943,4.143998,-2.410502,0,8.326000000000011,8.402000000000001,8.531999999999998,-1,-1,-1,-1,-1,4.788403228468868,6.619550109639828,1.1261094661269464,-1,-0.1384482663569706,-0.12265330452863768,-0.015794961828332926
2021-08-31,sh.601187,8.2600,8.36,8.23,8.35,6695051,55562632.0500,3,2.536800,1,1.089600,11.345045,1.159440,4.189150,-2.436767,0,8.31400000000001,8.394,8.519999999999998,1,-1,-1,-1,-1,13.631940643434815,7.986124095926306,24.92357373845183,1,-0.13344245256263676,-0.1248111341354375,-0.008631318427199261
2021-09-01,sh.601187,8.3100,8.5,8.29,8.44,11522836,96941782.8800,3,4.366200,1,1.077800,11.467327,1.171937,4.234303,-2.463031,0,8.326000000000011,8.366999999999999,8.510999999999997,1,1,-1,-1,-1,37.95292829775577,18.791090723219803,76.2766034468277,1,-0.12082031978858332,-0.12401297126606667,0.003192651477483349
2021-09-02,sh.601187,8.4400,8.48,8.39,8.48,8440282,71237585.1000,3,3.198100,1,0.473900,11.521674,1.177491,4.254371,-2.474704,0,8.36000000000001,8.367999999999999,8.505499999999996,1,1,-1,-1,-1,66.11384783798574,39.23290559305877,119.87573232783969,1,-0.10636343149223393,-0.12048306331130013,0.014119631819066197
2021-09-03,sh.601187,8.4500,8.58,8.41,8.48,10254920,87119934.0000,3,3.885700,1,0.000000,11.521674,1.177491,4.254371,-2.474704,0,8.402000000000012,8.376999999999999,8.498499999999996,1,1,-1,1,-1,80.9143626385006,61.66037959141403,119.42232873267375,1,-0.0938246907302247,-0.11515138879508505,0.021326698064860344
2021-09-06,sh.601187,8.4500,8.51,8.41,8.51,8462800,71613754.0000,3,3.206700,1,0.353800,11.562435,1.181657,4.269421,-2.483459,0,8.452000000000012,8.389,8.487499999999995,1,1,1,1,-1,82.3858341099721,76.47134819548614,94.21480593894398,1,-0.08053850134995955,-0.10822881130605995,0.027690309956100403
2021-09-07,sh.601187,8.4900,8.65,8.45,8.61,12165703,104126348.4700,3,4.609700,1,1.175100,11.698304,1.195542,4.319591,-2.512642,0,8.504000000000012,8.409,8.476999999999995,1,1,1,1,1,81.6543816543816,81.65152613428477,81.66009269457524,1,-0.061234068059437874,-0.09882986265673553,0.03759579459729766
2021-09-08,sh.601187,8.6100,8.79,8.59,8.68,12813895,111278028.7000,3,4.855400,1,0.813000,11.793412,1.205262,4.354709,-2.533070,0,8.552000000000012,8.439000000000002,8.473999999999995,1,1,1,1,1,84.34155158293082,82.79392244909484,87.43680985060277,1,-0.03982764234111613,-0.08702941859361166,0.047201776252495525
2021-09-09,sh.601187,8.6300,8.85,8.58,8.74,12336393,107226276.8600,3,4.674400,1,0.691200,11.874933,1.213593,4.384811,-2.550580,0,8.604000000000012,8.482000000000001,8.475999999999996,1,1,1,1,1,84.91869122257053,83.63820815329431,87.47965736112295,1,-0.017816025127716628,-0.07318673990043265,0.05537071477271602
2021-09-10,sh.601187,8.7200,8.97,8.64,8.73,21468393,189110841.2200,3,8.134700,1,-0.114400,11.861346,1.212205,4.379794,-2.547661,0,8.654000000000014,8.528000000000002,8.481499999999995,1,1,1,1,1,77.13818344206281,82.13280874918804,67.14893282781233,-1,-0.001165145258212874,-0.05878242097198869,0.05761727571377582
2021-09-13,sh.601187,8.6400,8.69,8.56,8.62,12381626,106616891.9800,3,4.691600,1,-1.260000,11.711891,1.196931,4.324608,-2.515560,0,8.676000000000013,8.564000000000002,8.482999999999995,-1,1,1,1,1,66.30315977742448,76.12001148068593,46.6694563709016,-1,0.0031187651268176353,-0.046402183752227426,0.04952094887904506
2021-09-14,sh.601187,8.6800,8.71,8.41,8.42,11753879,100337808.7400,3,4.453700,1,-2.320200,11.440153,1.169160,4.224269,-2.457195,0,8.638000000000014,8.571000000000002,8.482499999999995,-1,-1,-1,1,1,40.423131041792246,61.288158087093166,-1.306923048809594,-1,-0.009514852265271045,-0.03902471745483615,0.029509865189565103
2021-09-15,sh.601187,8.4200,8.47,8.34,8.37,7057578,59239270.6400,3,2.674200,1,-0.593800,11.372219,1.162217,4.199184,-2.442603,0,8.576000000000013,8.564000000000004,8.465499999999995,-1,-1,-1,1,1,19.48791010657128,42.07140030859599,-25.679070297478134,-1,-0.023293158173428807,-0.03587840559855468,0.012585247425125873
2021-09-16,sh.601187,8.3600,8.45,8.33,8.34,6444200,54013505.0000,3,2.441800,1,-0.358400,11.331458,1.158051,4.184133,-2.433848,0,8.496000000000013,8.550000000000002,8.458999999999994,-1,-1,-1,-1,1,3.8322728516693396,21.24777133334427,-30.998724111680524,-1,-0.03621584048696036,-0.035945892576235816,-0.00026994791072454394
2021-09-17,sh.601187,8.3200,8.37,8.27,8.34,5518700,45836864.0000,3,2.091100,1,0.000000,11.331458,1.158051,4.184133,-2.433848,0,8.418000000000012,8.536000000000003,8.456499999999995,-1,-1,-1,-1,-1,5.441468253968235,9.58721707073627,-2.8500293795678324,-1,-0.045927733006259075,-0.03794226066224047,-0.007985472344018606
2021-09-22,sh.601187,8.2100,8.26,7.96,8.03,18625438,150223305.8700,3,7.057400,1,-3.717000,10.910265,1.115006,4.028608,-2.343382,0,8.300000000000013,8.488000000000003,8.438499999999994,-1,-1,-1,-1,-1,6.164397689768973,5.1460462651354995,8.20110053903592,1,-0.0777427173674603,-0.045902352003284436,-0.031840365364175865
2021-09-23,sh.601187,7.9800,8.08,7.92,7.96,13883515,110973417.3000,3,5.260600,1,-0.871700,10.815156,1.105286,3.993489,-2.322954,0,8.208000000000013,8.423000000000002,8.415999999999995,-1,-1,-1,-1,-1,6.913405626276922,6.173090523338026,8.394035832154712,1,-0.10736707585709304,-0.058195296774046154,-0.04917177908304689
2021-09-24,sh.601187,7.9400,7.97,7.81,7.82,9918650,78171012.1900,3,3.758300,1,-1.758800,10.624940,1.085847,3.923252,-2.282098,0,8.098000000000013,8.337,8.387999999999995,-1,-1,-1,-1,-1,3.8674286147826797,5.648410643609508,0.30546455712902265,-1,-0.14052157808279198,-0.07466055303579532,-0.06586102504699666
2021-09-27,sh.601187,7.8200,7.88,7.79,7.87,6579962,51639732.0700,3,2.493200,1,0.639400,10.692875,1.092789,3.948337,-2.296689,0,8.004000000000012,8.250000000000002,8.365999999999996,-1,-1,-1,-1,-1,4.455748316318072,5.078860852459208,3.2095232440358004,-1,-0.16090733819599912,-0.09190991006783608,-0.06899742812816304
2021-09-28,sh.601187,7.8900,7.98,7.84,7.93,4942251,39091897.7000,3,1.872700,1,0.762400,10.774396,1.101121,3.978438,-2.314199,0,7.922000000000011,8.170000000000002,8.348999999999995,1,-1,-1,-1,-1,8.258370814592729,5.527182581897809,13.720747279982566,1,-0.1702590609263357,-0.10757974023953601,-0.06267932068679968
2021-09-29,sh.601187,7.8900,8.04,7.83,7.95,5481231,43371398.0400,3,2.076900,1,0.252200,10.801570,1.103898,3.988472,-2.320035,0,7.906000000000011,8.103000000000002,8.333499999999995,1,-1,-1,-1,-1,15.814151747655592,9.509423626188779,28.423607990589215,1,-0.1740501934253018,-0.12087383087668917,-0.053176362548612646
2021-09-30,sh.601187,7.9000,7.92,7.86,7.88,4158601,32778626.2300,3,1.575700,1,-0.880500,10.706461,1.094178,3.953354,-2.299607,0,7.890000000000012,8.049000000000001,8.309999999999995,-1,-1,-1,-1,-1,17.461055568472453,13.844526043573573,24.694114618270213,1,-0.1806210215264823,-0.1328232690066478,-0.04779775251983451
2021-10-08,sh.601187,7.9000,7.98,7.86,7.94,4711780,37353898.1900,3,1.785400,1,0.761400,10.787983,1.102509,3.983455,-2.317117,0,7.914000000000011,8.006,8.284999999999995,1,-1,-1,-1,-1,21.009281455528974,18.094829590552322,26.838185185482274,1,-0.1789244222151396,-0.14204349964834614,-0.036880922566793456
2021-10-11,sh.601187,7.9400,8.19,7.94,8.06,7647693,61650971.6300,3,2.897800,1,1.511300,10.951025,1.119172,4.043659,-2.352136,0,7.952000000000011,7.978,8.263999999999996,1,1,-1,-1,-1,32.315080370839816,23.59513913161373,49.75496284929199,1,-0.16598350341320334,-0.1468315004013176,-0.019152003011885743
2021-10-12,sh.601187,7.9800,8.03,7.92,7.97,5180343,41186426.8200,3,1.962900,1,-1.116600,10.828743,1.106675,3.998506,-2.325872,0,7.960000000000011,7.941,8.238499999999997,1,1,-1,1,-1,42.769625825385276,32.03132921725134,64.24621904165315,1,-0.1611325441990008,-0.14969170916085422,-0.01144083503814658
2021-10-13,sh.601187,7.9500,8.15,7.8,8.09,11152597,89625142.4200,3,4.225900,1,1.505600,10.991786,1.123337,4.058710,-2.360891,0,7.988000000000011,7.947,8.217499999999998,1,1,-1,1,-1,59.148936170212856,44.7445474554793,87.95771359967996,1,-0.1459230172454351,-0.1489379707777704,0.0030149535323353016
2021-10-14,sh.601187,7.9900,8.03,7.94,7.97,6764851,53932256.1400,3,2.563300,1,-1.483300,10.828743,1.106675,3.998506,-2.325872,0,8.00600000000001,7.948,8.185499999999998,-1,1,-1,1,-1,55.000000000000036,52.306187331866035,60.387625336268044,1,-0.14191643040437363,-0.14753366270309104,0.005617232298717412
2021-10-15,sh.601187,7.9900,7.99,7.88,7.89,5058300,40107023.0000,3,1.916700,1,-1.003800,10.720048,1.095566,3.958371,-2.302526,0,7.996000000000011,7.955,8.145999999999997,-1,-1,-1,1,-1,47.69230769230773,53.947081287506855,35.18276050190947,-1,-0.14354185176360623,-0.14673530051519407,0.003193448751587835
2021-10-18,sh.601187,7.8700,7.87,7.77,7.78,6412400,49970970.7400,3,2.429700,1,-1.394200,10.570593,1.080292,3.903184,-2.270424,0,7.94000000000001,7.946,8.097999999999995,-1,-1,-1,-1,-1,23.48595848595855,42.05942205942208,-13.660968660968507,-1,-0.15195445423293563,-0.14777913125874237,-0.004175322974193263
2021-10-19,sh.601187,7.7700,7.83,7.74,7.77,4563017,35543034.9200,3,1.729000,1,-0.128500,10.557006,1.078904,3.898167,-2.267506,0,7.900000000000011,7.93,8.049999999999997,-1,-1,-1,-1,-1,10.708180708180736,27.29548229548232,-22.46642246642243,-1,-0.15761157064927112,-0.1497456191368481,-0.007865951512423003
2021-10-20,sh.601187,7.7700,7.81,7.74,7.77,4550862,35327862.3200,3,1.724400,1,0.000000,10.557006,1.078904,3.898167,-2.267506,0,7.836000000000011,7.911999999999999,8.007499999999997,-1,-1,-1,-1,-1,5.238095238095229,13.144078144078152,-10.573870573870618,-1,-0.16024764111051049,-0.15184602353158058,-0.008401617578929904
2021-10-21,sh.601187,7.7900,7.9,7.78,7.87,7513791,59041425.2200,3,2.847100,1,1.287000,10.692875,1.092789,3.948337,-2.296689,0,7.816000000000011,7.911,7.979999999999999,1,-1,-1,-1,-1,14.07407407407402,10.006783340116643,22.208655541988772,1,-0.15250954655894056,-0.15197872813705257,-0.0005308184218879852
2021-10-22,sh.601187,7.8200,7.89,7.66,7.68,10285892,79715101.4100,3,3.897500,1,-2.414200,10.434724,1.066407,3.853015,-2.241242,0,7.774000000000011,7.885,7.945499999999998,-1,-1,-1,-1,-1,13.212396069538885,10.841521793902691,17.954144620811274,1,-0.1598656314936493,-0.15355610880837192,-0.0063095226852773745
2021-10-25,sh.601187,7.6200,7.62,7.35,7.41,13265903,97884748.0500,3,5.026600,1,-3.515600,10.067878,1.028916,3.717557,-2.162448,0,7.700000000000012,7.8199999999999985,7.898999999999998,-1,-1,-1,-1,-1,13.490173847316726,13.59221466364319,13.286092214663796,-1,-0.18534557688131326,-0.1599140024229602,-0.025431574458353062
2021-10-26,sh.601187,7.4200,7.47,7.36,7.41,5425070,40203787.3000,3,2.055600,1,0.000000,9.397072,0.999762,3.447321,-5.693006,0,7.628000000000012,7.7639999999999985,7.852499999999997,-1,-1,-1,-1,-1,6.80172068827535,11.168096868376969,-1.9310316719278866,-1,-0.20319629675049367,-0.1685704612884669,-0.03462583546202677
2021-10-27,sh.601187,7.1800,7.29,7.15,7.16,14485662,104236447.0700,3,1.489200,1,-3.373800,9.080032,0.966032,3.331015,-5.500934,0,7.506000000000012,7.670999999999998,7.8089999999999975,-1,-1,-1,-1,-1,5.838001867413694,8.709965467668573,0.09407466690393562,-1,-0.23480929611523127,-0.18181822825381977,-0.0529910678614115
2021-10-28,sh.601187,7.1600,7.17,7.0,7.01,12954835,91336939.6400,3,1.331800,1,-2.095000,8.889808,0.945794,3.261231,-5.385691,0,7.334000000000012,7.574999999999998,7.761499999999996,-1,-1,-1,-1,-1,3.708372237784038,5.4493649311576755,0.2263868510367626,-1,-0.26886723811193125,-0.19922803022544205,-0.0696392078864892
2021-10-29,sh.601187,7.0400,7.06,7.0,7.03,8777818,61635195.6200,3,0.902400,1,0.285300,8.915171,0.948492,3.270536,-5.401057,0,7.204000000000012,7.488999999999999,7.721999999999997,-1,-1,-1,-1,-1,1.878306878306897,3.8082269945015255,-1.9815333540823596,-1,-0.29089135519638987,-0.21756069521963162,-0.07333065997675825
2021-11-01,sh.601187,7.0300,7.13,6.96,7.12,8513364,60130589.0500,3,0.875200,1,1.280200,9.029306,0.960635,3.312406,-5.470203,0,7.146000000000012,7.422999999999999,7.684499999999997,-1,-1,-1,-1,-1,7.155240346729738,4.247306487606873,12.97110806497547,1,-0.29765222920619117,-0.23357900201694354,-0.06407322718924763
2021-11-02,sh.601187,7.0900,7.14,6.98,7.02,8828724,62187514.0900,3,0.907600,1,-1.404500,8.902489,0.947143,3.265884,-5.393374,0,7.068000000000012,7.347999999999999,7.638999999999998,-1,-1,-1,-1,-1,8.912529550827447,5.9820255919546765,14.773537468572988,1,-0.30753437004912776,-0.24837007562338037,-0.05916429442574739
2021-11-03,sh.601187,7.0200,7.07,6.98,7.03,6222776,43686863.5700,3,0.639700,1,0.142500,8.915171,0.948492,3.270536,-5.401057,0,7.042000000000011,7.273999999999999,7.592999999999998,-1,-1,-1,-1,-1,10.31037901319304,8.79271630358339,13.34570443241234,1,-0.3109744021049998,-0.2608909409197043,-0.05008346118529555
2021-11-04,sh.601187,7.0400,7.05,6.95,7.0,7551276,52751884.6900,3,0.776300,1,-0.426700,8.877126,0.944444,3.256579,-5.378009,0,7.040000000000012,7.186999999999999,7.548999999999998,-1,-1,-1,-1,-1,7.124182336999529,8.78236363367332,3.8078197436519474,-1,-0.3125188784780617,-0.2712165284313758,-0.04130235004668592
2021-11-05,sh.601187,6.9900,7.0,6.93,6.95,7121600,49560147.3400,3,0.732100,1,-0.714300,8.813718,0.937698,3.233318,-5.339594,0,7.0240000000000125,7.114,7.499499999999998,-1,-1,-1,-1,-1,6.231090663766055,7.888550671319522,2.9161706486591203,-1,-0.3141560736025051,-0.27980443746560163,-0.03435163613690345
2021-11-08,sh.601187,6.9500,6.95,6.82,6.84,7583323,51974191.1700,3,0.779600,1,-1.582700,8.674221,0.922857,3.182143,-5.255083,0,6.968000000000012,7.057,7.438499999999998,-1,-1,-1,-1,-1,5.140569806601369,6.165280935788965,3.0911475482261768,-1,-0.32063357891536004,-0.2879702657555533,-0.03266331315980675
2021-11-09,sh.601187,6.8400,6.98,6.84,6.92,10114456,69864342.1900,3,1.039800,1,1.169600,8.775673,0.933651,3.219361,-5.316546,0,6.948000000000012,7.008000000000001,7.3859999999999975,-1,-1,-1,-1,-1,12.176817141356151,7.849492537241173,20.83146634958611,1,-0.3156728371642874,-0.29351078003730013,-0.022162057126987267
2021-11-10,sh.601187,6.9300,6.93,6.83,6.92,6924376,47578851.7000,3,0.711900,1,0.000000,8.775673,0.933651,3.219361,-5.316546,0,6.926000000000012,6.984000000000002,7.327499999999996,-1,-1,-1,-1,-1,21.3589159067882,12.89210095158189,38.29254581720083,1,-0.3081888048845096,-0.29644638500674203,-0.011742419877767585
2021-11-11,sh.601187,6.8900,6.99,6.88,6.97,12578351,87541602.7600,3,1.293100,1,0.722500,8.839081,0.940397,3.242622,-5.354960,0,6.9200000000000115,6.980000000000002,7.277499999999996,1,-1,-1,-1,-1,35.56547619047615,23.03373641287348,60.62895574568148,1,-0.2948245197093611,-0.29612201194726584,0.0012974922379047626
2021-11-12,sh.601187,6.9600,6.99,6.87,6.89,10140001,70085457.8400,3,1.042400,1,-1.147800,8.737629,0.929603,3.205404,-5.293497,0,6.908000000000011,6.966000000000003,7.2274999999999965,-1,-1,-1,-1,-1,33.333333333333265,30.085908476865853,39.828183046268094,1,-0.287375868706504,-0.2943727832991135,0.006996914592609482
2021-11-15,sh.601187,6.9200,6.94,6.87,6.91,7916158,54637198.8000,3,0.813800,1,0.290300,8.762992,0.932302,3.214709,-5.308863,0,6.922000000000011,6.945000000000003,7.183999999999996,-1,-1,-1,-1,-1,34.9166666666666,34.60515873015866,35.53968253968249,1,-0.276669650756042,-0.2908321567904992,0.014162506034457178
2021-11-16,sh.601187,6.9100,6.93,6.82,6.84,11181068,76856799.0500,3,1.149500,1,-1.013000,8.674221,0.922857,3.182143,-5.255083,0,6.906000000000011,6.927000000000004,7.137499999999996,-1,-1,-1,-1,-1,22.190217391304248,30.146739130434685,6.277173913043377,-1,-0.27071270335034114,-0.28680826610246757,0.016095562752126424
2021-11-17,sh.601187,6.8400,6.87,6.8,6.84,8994616,61513163.6500,3,0.924700,1,0.000000,8.674221,0.922857,3.182143,-5.255083,0,6.890000000000012,6.908000000000004,7.090999999999996,-1,-1,-1,-1,-1,21.565217391304298,26.22403381642503,12.247584541062828,-1,-0.26296053426210975,-0.282038719734396,0.019078185472286235
2021-11-18,sh.601187,6.8300,6.83,6.77,6.77,8657481,58819785.3200,3,0.890000,1,-1.023400,8.585449,0.913413,3.149577,-5.201303,0,6.850000000000011,6.885000000000003,7.035999999999996,-1,-1,-1,-1,-1,9.565217391304316,17.7735507246376,-6.851449275362256,-1,-0.2594742418509641,-0.2775258241577096,0.018051582306745473
2021-11-19,sh.601187,6.7700,6.82,6.7,6.8,12892969,87177765.2100,3,1.325500,1,0.443100,8.623494,0.917460,3.163534,-5.224351,0,6.8320000000000105,6.870000000000003,6.9919999999999956,-1,-1,-1,-1,-1,18.160919540229866,16.43045144094614,21.621855738797315,1,-0.25139268236244927,-0.2722991957986575,0.02090651343620825
2021-11-22,sh.601187,6.7800,6.81,6.75,6.8,8891985,60345612.3200,3,0.914100,1,0.000000,8.623494,0.917460,3.163534,-5.224351,0,6.810000000000011,6.866000000000002,6.9614999999999965,-1,-1,-1,-1,-1,22.98850574712638,16.904880892886833,35.155755455605465,1,-0.2421961023374024,-0.2662785771064065,0.024082474769004103
2021-11-23,sh.601187,6.8100,6.91,6.78,6.87,14141901,97003321.8300,3,1.453900,1,1.029400,8.712265,0.926905,3.196100,-5.278131,0,6.816000000000011,6.861000000000002,6.934499999999997,1,1,-1,-1,-1,42.52873563218384,27.892720306513343,71.80076628352484,1,-0.22664668947062871,-0.25835219957925093,0.031705510108622215
2021-11-24,sh.601187,6.8900,6.96,6.83,6.92,13685261,94256334.3000,3,1.406900,1,0.727800,8.775673,0.933651,3.219361,-5.316546,0,6.8320000000000105,6.861000000000002,6.922499999999997,1,1,-1,-1,-1,56.32183908045971,40.61302681992329,87.73946360153255,1,-0.20789262879756532,-0.2482602854229138,0.0403676566253485
2021-11-25,sh.601187,6.9000,6.96,6.85,6.87,8901452,61267383.0800,3,0.915100,1,-0.722500,8.712265,0.926905,3.196100,-5.278131,0,6.852000000000011,6.8510000000000035,6.915499999999997,1,1,-1,1,-1,66.62245800176834,55.15767757147061,89.5520188623638,1,-0.19481873364006486,-0.23757197506634403,0.042753241426279176
2021-11-26,sh.601187,6.8600,6.87,6.79,6.83,6929221,47281861.9600,3,0.712400,1,-0.582200,8.661539,0.921508,3.177491,-5.247400,0,6.858000000000011,6.845000000000003,6.905499999999998,-1,-1,-1,1,-1,63.748894783377544,62.23106395520185,66.78455643972893,1,-0.18554638007062607,-0.22716685606720044,0.04162047599657437
2021-11-29,sh.601187,6.7600,6.82,6.75,6.79,5309795,36056518.9800,3,0.545900,1,-0.585700,8.610812,0.916111,3.158882,-5.216668,0,6.856000000000011,6.833000000000004,6.888999999999998,-1,-1,-1,1,-1,50.00000000000002,60.12378426171529,29.752431476569484,-1,-0.1793581101222559,-0.21760510687821152,0.03824699675595564
2021-11-30,sh.601187,6.8000,6.84,6.78,6.8,6102304,41512586.7300,3,0.627300,1,0.147300,8.623494,0.917460,3.163534,-5.224351,0,6.842000000000011,6.829000000000003,6.8779999999999974,-1,-1,-1,1,-1,41.025641025641,51.59151193633951,19.893899204243993,-1,-0.17166806261145506,-0.20841769802486024,0.036749635413405174
2021-12-01,sh.601187,6.7800,6.89,6.77,6.88,8743890,59954692.4300,3,0.898900,1,1.176500,8.724947,0.928254,3.200752,-5.285814,0,6.834000000000012,6.833000000000003,6.870499999999997,1,1,1,1,-1,47.4358974358974,46.153846153846125,49.99999999999996,1,-0.1573049990333466,-0.1981951582265575,0.0408901591932109
2021-12-02,sh.601187,6.9200,6.96,6.88,6.92,14083850,97397613.4100,3,1.447900,1,0.581400,8.775673,0.933651,3.219361,-5.316546,0,6.844000000000011,6.848000000000003,6.866499999999997,1,1,1,-1,-1,62.88156288156285,50.44770044770039,87.74928774928777,1,-0.14106835379085947,-0.1867697973394179,0.04570144354855843
2021-12-03,sh.601187,6.9100,6.93,6.8,6.91,9398747,64566156.1100,3,0.966200,1,-0.144500,8.762992,0.932302,3.214709,-5.308863,0,6.860000000000011,6.8590000000000035,6.864499999999997,1,1,1,1,-1,75.45787545787549,61.9251119251119,102.52340252340265,1,-0.12753743966878694,-0.1749233258052917,0.04738588613650477
2021-12-06,sh.601187,6.9300,7.07,6.89,6.92,23643930,164995985.5500,3,2.430700,1,0.144700,8.775673,0.933651,3.219361,-5.316546,0,6.886000000000012,6.871000000000004,6.868499999999996,1,1,1,1,1,70.08928571428574,69.47624135124134,71.31537444037454,1,-0.11468515721224826,-0.162875692086683,0.048190534874434754
2021-12-07,sh.601187,6.9600,6.98,6.85,6.91,13678583,94616027.2900,3,1.406200,1,-0.144500,8.762992,0.932302,3.214709,-5.308863,0,6.908000000000011,6.875000000000004,6.867999999999997,1,1,1,1,1,59.77182539682543,68.4396621896622,42.43615181115189,-1,-0.10410647258433592,-0.1511218481862136,0.047015375601877685
2021-12-08,sh.601187,6.8900,6.91,6.83,6.88,13795984,94638976.0000,3,1.418300,1,-0.434200,8.724947,0.928254,3.200752,-5.285814,0,6.908000000000011,6.871000000000004,6.865999999999997,-1,1,1,1,1,47.91666666666665,59.259259259259245,25.231481481481453,-1,-0.09702509320253228,-0.14030249718947735,0.04327740398694507
2021-12-09,sh.601187,6.8700,7.06,6.82,6.99,30267630,210883752.5300,3,3.111700,1,1.598800,8.864445,0.943095,3.251927,-5.370326,0,6.922000000000011,6.8830000000000044,6.866999999999997,1,1,1,1,1,55.208333333333336,54.298941798941776,57.02711640211645,1,-0.08159637610051984,-0.12856127297168585,0.046964896871166006
2021-12-10,sh.601187,6.9300,7.5,6.88,7.21,60209927,437730495.8100,3,6.189900,1,3.147400,9.143440,0.972778,3.354276,-5.539349,0,6.982000000000011,6.921000000000004,6.882999999999998,1,1,1,1,1,58.63299086757991,53.919330289193276,68.0603120243532,1,-0.05102861909922307,-0.11305474219719329,0.06202612309797022
2021-12-13,sh.601187,7.0000,7.19,7.0,7.04,39915573,282078550.4300,3,4.103500,1,-2.357800,8.927853,0.949841,3.275188,-5.408740,0,7.00600000000001,6.946000000000003,6.889499999999998,1,1,1,1,1,57.42009132420096,57.087138508371375,58.085996955860125,1,-0.04005925257001053,-0.09845564427175674,0.05839639170174621
2021-12-14,sh.601187,7.0000,7.04,6.95,6.96,18909312,132228250.0800,3,1.944000,1,-1.136400,8.826400,0.939048,3.237970,-5.347277,0,7.01600000000001,6.962000000000003,6.895499999999998,-1,-1,1,1,1,40.03913894324858,52.030740378343125,16.055936073059485,-1,-0.03739027021726571,-0.08624256946085854,0.04885229924359283
2021-12-15,sh.601187,6.9700,7.05,6.97,7.01,15170165,106308523.2500,3,1.559600,1,0.718400,8.889808,0.945794,3.261231,-5.385691,0,7.0420000000000105,6.975000000000003,6.903999999999998,-1,1,1,1,1,29.94781474233533,42.469015003261596,4.905414220482797,-1,-0.030884483243266203,-0.07517095221734008,0.04428646897407387
2021-12-16,sh.601187,7.0100,7.04,6.96,7.0,14418376,100820862.9600,3,1.482300,1,-0.142700,8.877126,0.944444,3.256579,-5.378009,0,7.044000000000009,6.983000000000002,6.915499999999997,-1,1,1,1,1,26.44257703081234,32.143176905465396,15.041377281506229,-1,-0.02623311757140634,-0.06538338528815332,0.039150267716746984
2021-12-17,sh.601187,6.9700,7.0,6.92,6.92,16064478,111555031.4900,3,1.651500,1,-1.142900,8.775673,0.933651,3.219361,-5.316546,0,6.9860000000000095,6.9840000000000035,6.921499999999996,-1,-1,-1,1,1,23.725490196078425,26.705293989742007,17.765882608751262,-1,-0.028671698682382285,-0.05804104796699912,0.029369349284616833
2021-12-20,sh.601187,6.9200,6.93,6.85,6.87,13228868,91009274.0300,3,1.360000,1,-0.722500,8.712265,0.926905,3.196100,-5.278131,0,6.95200000000001,6.979000000000004,6.924999999999995,-1,-1,-1,-1,1,16.176470588235286,22.11484593837533,4.299719887955199,-1,-0.03424412891255013,-0.05328166415610932,0.019037535243559188
2021-12-21,sh.601187,6.8500,7.03,6.85,7.02,21368146,149030474.0500,3,2.196700,1,2.183400,8.902489,0.947143,3.265884,-5.393374,0,6.96400000000001,6.990000000000004,6.932499999999996,1,1,1,-1,1,17.15686274509801,19.01960784313722,13.431372549019592,-1,-0.02625393460384906,-0.04787611824565727,0.021622183641808207
2021-12-22,sh.601187,7.0300,7.05,6.93,6.93,13969032,97147434.0300,3,1.436100,1,-1.282100,8.788355,0.935000,3.224013,-5.324228,0,6.94800000000001,6.995000000000003,6.932999999999997,-1,-1,-1,-1,1,16.357466063348404,16.56359979889388,15.945198592257455,-1,-0.026874107899267585,-0.04367571617637933,0.016801608277111746
2021-12-23,sh.601187,6.9100,6.95,6.9,6.91,9774049,67614206.9100,3,1.004800,1,-0.288600,8.762992,0.932302,3.214709,-5.308863,0,6.9300000000000095,6.987000000000004,6.934999999999997,-1,-1,-1,-1,-1,19.788838612368057,17.767722473604803,23.83107088989457,1,-0.02864918261334992,-0.04067040946377345,0.012021226850423526
2021-12-24,sh.601187,6.9100,6.92,6.86,6.87,8598755,59191990.0100,3,0.884000,1,-0.578900,8.712265,0.926905,3.196100,-5.278131,0,6.920000000000009,6.953000000000003,6.936999999999996,-1,-1,-1,-1,-1,13.318250377074042,16.488185017596813,6.9783810960284995,-1,-0.0329043074450297,-0.0391171890600247,0.006212881614994996
2021-12-27,sh.601187,6.8800,6.89,6.85,6.87,7103409,48798414.1700,3,0.730300,1,0.000000,8.712265,0.926905,3.196100,-5.278131,0,6.920000000000009,6.936000000000003,6.940999999999997,-1,-1,-1,-1,-1,12.549019607843343,15.218702865761792,7.209653092006448,-1,-0.035863116843695586,-0.03846637461675888,0.0026032577730632916
2021-12-28,sh.601187,6.8700,6.89,6.86,6.89,6269521,43128285.9600,3,0.644500,1,0.291100,8.737629,0.929603,3.205404,-5.293497,0,6.894000000000008,6.929000000000002,6.945499999999996,-1,-1,-1,-1,-1,13.333333333333504,13.066867772750273,13.866264454499966,1,-0.0361771342717816,-0.03800852654776342,0.0018313922759818219
2021-12-29,sh.601187,6.8800,6.89,6.86,6.87,5178200,35601118.7100,3,0.532300,1,-0.290300,8.712265,0.926905,3.196100,-5.278131,0,6.882000000000008,6.915000000000002,6.944999999999996,-1,-1,-1,-1,-1,13.333333333333504,13.071895424836761,13.85620915032699,1,-0.0376063258832815,-0.037928086414867036,0.0003217605315855368
2021-12-30,sh.601187,6.8700,6.9,6.87,6.89,6185649,42592725.5600,3,0.635900,1,0.291100,8.737629,0.929603,3.205404,-5.293497,0,6.878000000000007,6.904000000000002,6.943499999999996,1,-1,-1,-1,-1,16.666666666666764,14.444444444444569,21.111111111111153,1,-0.03670205918706948,-0.037682880969307525,0.000980821782238045
